-- MySQL dump 10.13  Distrib 8.0.44, for Win64 (x86_64)
--
-- Host: localhost    Database: copa_do_mundo
-- ------------------------------------------------------
-- Server version	8.0.44

/*!40101 SET @OLD_CHARACTER_SET_CLIENT=@@CHARACTER_SET_CLIENT */;
/*!40101 SET @OLD_CHARACTER_SET_RESULTS=@@CHARACTER_SET_RESULTS */;
/*!40101 SET @OLD_COLLATION_CONNECTION=@@COLLATION_CONNECTION */;
/*!50503 SET NAMES utf8 */;
/*!40103 SET @OLD_TIME_ZONE=@@TIME_ZONE */;
/*!40103 SET TIME_ZONE='+00:00' */;
/*!40014 SET @OLD_UNIQUE_CHECKS=@@UNIQUE_CHECKS, UNIQUE_CHECKS=0 */;
/*!40014 SET @OLD_FOREIGN_KEY_CHECKS=@@FOREIGN_KEY_CHECKS, FOREIGN_KEY_CHECKS=0 */;
/*!40101 SET @OLD_SQL_MODE=@@SQL_MODE, SQL_MODE='NO_AUTO_VALUE_ON_ZERO' */;
/*!40111 SET @OLD_SQL_NOTES=@@SQL_NOTES, SQL_NOTES=0 */;

--
-- Table structure for table `cadastro`
--

DROP TABLE IF EXISTS `cadastro`;
/*!40101 SET @saved_cs_client     = @@character_set_client */;
/*!50503 SET character_set_client = utf8mb4 */;
CREATE TABLE `cadastro` (
  `id_selecao` int NOT NULL,
  `nome_selecao` varchar(50) NOT NULL,
  `confederacao` varchar(50) NOT NULL,
  `ranking_fifa_pontos` decimal(6,2) NOT NULL,
  `valor_mercado_elenco` decimal(15,2) NOT NULL,
  `rating_ea_fc_geral` int NOT NULL,
  `rating_ea_fc_ataque` int NOT NULL,
  `rating_ea_fc_meio` int NOT NULL,
  `rating_ea_fc_defesa` int NOT NULL,
  `idade_media_elenco` decimal(4,2) NOT NULL,
  `percentual_jogadores_elite` decimal(5,2) NOT NULL,
  `pais_sede` tinyint(1) NOT NULL,
  PRIMARY KEY (`id_selecao`)
) ENGINE=InnoDB DEFAULT CHARSET=utf8mb4 COLLATE=utf8mb4_0900_ai_ci;
/*!40101 SET character_set_client = @saved_cs_client */;

--
-- Dumping data for table `cadastro`
--

LOCK TABLES `cadastro` WRITE;
/*!40000 ALTER TABLE `cadastro` DISABLE KEYS */;
INSERT INTO `cadastro` VALUES (1,'Brasil','CONMEBOL',1765.86,928000000.00,83,86,81,83,29.40,53.84,0),(2,'Alemanha','UEFA',1735.77,1010000000.00,84,82,84,84,28.10,96.15,0),(3,'Áustria','UEFA',1597.40,276000000.00,78,77,78,79,28.60,69.23,0),(4,'Bélgica','UEFA',1742.24,552000000.00,81,82,82,78,27.60,76.92,0),(5,'Bósnia e Herzegovina','UEFA',1387.22,152000000.00,73,76,70,72,26.50,23.07,0),(6,'Croácia','UEFA',1714.87,392000000.00,79,78,81,77,28.40,65.38,0),(7,'Escócia','UEFA',1503.34,179000000.00,76,77,77,75,29.20,42.30,0),(8,'Espanha','UEFA',1874.71,1280000000.00,85,85,86,83,26.80,100.00,0),(9,'França','UEFA',1870.70,1540000000.00,86,87,85,85,27.00,92.30,0),(10,'Inglaterra','UEFA',1828.02,1330000000.00,84,86,85,83,27.20,96.15,0),(11,'Noruega','UEFA',1557.44,611000000.00,79,80,81,75,26.80,65.38,0),(12,'Holanda','UEFA',1753.57,851000000.00,82,80,83,83,27.80,84.61,0),(13,'Portugal','UEFA',1767.85,1040000000.00,84,84,86,84,28.10,65.38,0),(14,'República Tcheca','UEFA',1484.82,193000000.00,77,78,75,75,27.70,26.92,0),(15,'Suécia','UEFA',1509.79,436000000.00,77,86,77,75,27.60,57.69,0),(16,'Suíça','UEFA',1650.06,339000000.00,78,77,79,76,28.30,88.46,0),(17,'Turquia','UEFA',1605.73,481000000.00,79,79,80,78,27.70,34.61,0),(18,'Argentina','CONMEBOL',1877.27,833000000.00,83,84,83,79,29.20,76.92,0),(19,'Colômbia','CONMEBOL',1698.35,311000000.00,78,79,79,78,30.10,30.76,0),(20,'Equador','CONMEBOL',1598.52,383000000.00,76,73,76,78,26.10,26.92,0),(21,'Paraguai','CONMEBOL',1505.35,160000000.00,75,75,75,76,29.10,15.38,0),(22,'Uruguai','CONMEBOL',1673.07,413000000.00,79,78,79,79,28.80,30.76,0),(23,'Canadá','CONCACAF',1559.48,207000000.00,75,77,73,74,27.00,23.07,1),(24,'Estados Unidos','CONCACAF',1671.23,385000000.00,77,77,79,77,26.90,50.00,1),(25,'México','CONCACAF',1700.98,198000000.00,76,78,75,75,27.90,19.23,1),(26,'Curaçao','CONCACAF',1294.77,26000000.00,68,66,69,69,28.10,3.84,0),(27,'Haiti','CONCACAF',1293.10,57000000.00,69,70,69,69,27.60,15.38,0),(28,'Panamá','CONCACAF',1539.16,35000000.00,70,70,70,69,30.50,0.00,0),(29,'Arábia Saudita','AFC',1423.88,38000000.00,72,74,74,71,28.60,3.84,0),(30,'Austrália','AFC',1579.34,75000000.00,71,69,71,69,27.40,19.23,0),(31,'Catar','AFC',1450.31,20000000.00,69,71,68,66,29.50,0.00,0),(32,'Coreia do Sul','AFC',1612.55,145000000.00,75,77,74,75,28.10,19.23,0),(33,'Irã','AFC',1619.58,33000000.00,72,73,72,72,30.40,0.00,0),(34,'Iraque','AFC',1446.28,21000000.00,65,63,66,64,26.90,3.84,0),(35,'Japão','AFC',1661.58,284000000.00,77,78,78,77,27.50,46.15,0),(36,'Jordânia','AFC',1387.74,20000000.00,66,66,67,66,28.50,3.84,0),(37,'Uzbequistão','AFC',1458.73,71000000.00,68,70,67,71,28.50,3.84,0),(38,'África do Sul','CAF',1414.88,47000000.00,70,70,69,70,26.80,3.84,0),(39,'Argélia','CAF',1571.03,262000000.00,76,75,76,76,26.90,50.00,0),(40,'Cabo Verde','CAF',1371.11,57000000.00,70,69,69,71,29.70,3.84,0),(41,'Costa do Marfim','CAF',1540.87,540000000.00,78,80,78,78,25.90,46.15,0),(42,'Egito','CAF',1562.37,137000000.00,74,78,73,70,29.10,19.23,0),(43,'Gana','CAF',1346.88,235000000.00,75,78,75,73,27.00,53.84,0),(44,'Marrocos','CAF',1755.10,497000000.00,79,80,79,79,26.60,61.53,0),(45,'Senegal','CAF',1684.07,481000000.00,79,79,80,77,27.10,61.53,0),(46,'Tunísia','CAF',1476.41,71000000.00,71,70,72,72,26.70,26.92,0),(47,'RD Congo','CAF',1474.43,152000000.00,74,78,71,75,29.10,42.30,0),(48,'Nova Zelândia','OFC',1275.58,36000000.00,70,74,69,69,28.20,7.69,0),(99,'Outro','N/A',0.00,0.00,50,50,50,50,26.00,0.00,0);
/*!40000 ALTER TABLE `cadastro` ENABLE KEYS */;
UNLOCK TABLES;

--
-- Table structure for table `estrutura`
--

DROP TABLE IF EXISTS `estrutura`;
/*!40101 SET @saved_cs_client     = @@character_set_client */;
/*!50503 SET character_set_client = utf8mb4 */;
CREATE TABLE `estrutura` (
  `id_estrutura` int NOT NULL,
  `grupo_copa` varchar(1) DEFAULT NULL,
  `id_selecao` int NOT NULL,
  `id_confronto_grupo` int NOT NULL,
  PRIMARY KEY (`id_estrutura`)
) ENGINE=InnoDB DEFAULT CHARSET=utf8mb4 COLLATE=utf8mb4_0900_ai_ci;
/*!40101 SET character_set_client = @saved_cs_client */;

--
-- Dumping data for table `estrutura`
--

LOCK TABLES `estrutura` WRITE;
/*!40000 ALTER TABLE `estrutura` DISABLE KEYS */;
INSERT INTO `estrutura` VALUES (1,'A',25,1),(2,'A',32,2),(3,'A',14,3),(4,'A',38,4),(5,'B',16,1),(6,'B',23,2),(7,'B',31,3),(8,'B',5,4),(9,'C',7,1),(10,'C',44,2),(11,'C',1,3),(12,'C',27,4),(13,'D',24,1),(14,'D',30,2),(15,'D',17,3),(16,'D',21,4),(17,'E',2,1),(18,'E',41,2),(19,'E',20,3),(20,'E',26,4),(21,'F',15,1),(22,'F',35,2),(23,'F',12,3),(24,'F',46,4),(25,'G',48,1),(26,'G',33,2),(27,'G',4,3),(28,'G',42,4),(29,'H',22,1),(30,'H',29,2),(31,'H',8,3),(32,'H',40,4),(33,'I',9,1),(34,'I',45,2),(35,'I',34,3),(36,'I',11,4),(37,'J',18,1),(38,'J',39,2),(39,'J',3,3),(40,'J',36,4),(41,'K',13,1),(42,'K',47,2),(43,'K',37,3),(44,'K',19,4),(45,'L',10,1),(46,'L',6,2),(47,'L',43,3),(48,'L',28,4);
/*!40000 ALTER TABLE `estrutura` ENABLE KEYS */;
UNLOCK TABLES;

--
-- Table structure for table `historico`
--

DROP TABLE IF EXISTS `historico`;
/*!40101 SET @saved_cs_client     = @@character_set_client */;
/*!50503 SET character_set_client = utf8mb4 */;
CREATE TABLE `historico` (
  `id_partida` int NOT NULL AUTO_INCREMENT,
  `data_partida` date DEFAULT NULL,
  `id_selecao_mandante` bigint DEFAULT NULL,
  `id_selecao_visitante` bigint DEFAULT NULL,
  `gols_mandante` bigint DEFAULT NULL,
  `gols_visitante` bigint DEFAULT NULL,
  `tipo_competicao` text,
  `fator_campo` text,
  `resultado` text,
  PRIMARY KEY (`id_partida`)
) ENGINE=InnoDB AUTO_INCREMENT=1913 DEFAULT CHARSET=utf8mb4 COLLATE=utf8mb4_0900_ai_ci;
/*!40101 SET character_set_client = @saved_cs_client */;

--
-- Dumping data for table `historico`
--

LOCK TABLES `historico` WRITE;
/*!40000 ALTER TABLE `historico` DISABLE KEYS */;
INSERT INTO `historico` VALUES (1,'2022-01-05',39,43,3,0,'Friendly','Neutro','V'),(2,'2022-03-24',22,99,1,0,'FIFA World Cup qualification','Casa','V'),(3,'2022-01-09',99,40,0,1,'African Cup of Nations','Neutro','D'),(4,'2023-03-23',43,99,1,0,'African Cup of Nations qualification','Casa','V'),(5,'2022-01-10',45,99,1,0,'African Cup of Nations','Neutro','V'),(6,'2022-01-10',44,43,1,0,'African Cup of Nations','Neutro','V'),(7,'2022-03-24',13,17,3,1,'FIFA World Cup qualification','Casa','V'),(8,'2022-01-11',99,42,1,0,'African Cup of Nations','Neutro','V'),(9,'2022-03-24',15,14,1,0,'FIFA World Cup qualification','Casa','V'),(10,'2022-03-24',99,3,2,1,'FIFA World Cup qualification','Casa','V'),(11,'2022-01-11',39,99,0,0,'African Cup of Nations','Neutro','E'),(12,'2022-03-24',7,99,1,1,'Friendly','Casa','E'),(13,'2022-01-12',99,41,0,1,'African Cup of Nations','Neutro','D'),(14,'2022-01-12',46,99,0,1,'African Cup of Nations','Neutro','D'),(15,'2022-01-13',40,99,0,1,'African Cup of Nations','Neutro','D'),(16,'2022-01-14',45,99,0,0,'African Cup of Nations','Neutro','E'),(17,'2022-03-25',99,39,0,1,'FIFA World Cup qualification','Casa','D'),(18,'2022-03-25',47,44,1,1,'FIFA World Cup qualification','Casa','E'),(19,'2022-01-14',44,99,2,0,'African Cup of Nations','Neutro','V'),(20,'2022-01-14',99,43,1,1,'African Cup of Nations','Neutro','E'),(21,'2022-01-15',32,99,5,1,'Friendly','Neutro','V'),(22,'2022-03-25',42,45,1,0,'FIFA World Cup qualification','Casa','V'),(23,'2022-03-25',43,99,0,0,'FIFA World Cup qualification','Casa','E'),(24,'2022-03-25',99,46,0,1,'FIFA World Cup qualification','Casa','D'),(25,'2022-03-25',18,99,3,0,'FIFA World Cup qualification','Casa','V'),(26,'2022-03-25',5,99,0,1,'Friendly','Casa','D'),(27,'2022-03-25',40,99,6,0,'Friendly','Neutro','V'),(28,'2022-01-15',99,42,0,1,'African Cup of Nations','Neutro','D'),(29,'2022-01-16',19,99,2,1,'Friendly','Neutro','V'),(30,'2022-01-16',99,28,1,1,'Friendly','Casa','E'),(31,'2022-01-16',41,99,2,2,'African Cup of Nations','Neutro','E'),(32,'2022-01-16',39,99,0,1,'African Cup of Nations','Neutro','D'),(33,'2022-01-16',46,99,4,0,'African Cup of Nations','Neutro','V'),(34,'2022-01-17',99,40,1,1,'African Cup of Nations','Casa','E'),(35,'2022-03-25',9,41,2,1,'Friendly','Casa','V'),(36,'2022-03-25',11,99,2,0,'Friendly','Casa','V'),(37,'2022-01-18',99,45,0,0,'African Cup of Nations','Neutro','E'),(38,'2022-03-25',38,99,0,0,'Friendly','Neutro','E'),(39,'2022-01-18',99,44,2,2,'African Cup of Nations','Neutro','E'),(40,'2022-03-26',6,99,1,1,'Friendly','Neutro','E'),(41,'2022-01-18',43,99,2,3,'African Cup of Nations','Neutro','D'),(42,'2022-03-26',10,16,2,1,'Friendly','Casa','V'),(43,'2022-01-19',42,99,1,0,'African Cup of Nations','Neutro','V'),(44,'2022-01-20',32,99,4,0,'Friendly','Neutro','V'),(45,'2022-01-20',41,39,3,1,'African Cup of Nations','Neutro','V'),(46,'2022-03-26',2,99,2,0,'Friendly','Casa','V'),(47,'2022-03-26',12,99,4,2,'Friendly','Casa','V'),(48,'2022-01-20',99,46,1,0,'African Cup of Nations','Neutro','V'),(49,'2022-01-21',34,99,1,0,'Friendly','Casa','V'),(50,'2022-01-23',99,46,0,1,'African Cup of Nations','Neutro','D'),(51,'2022-03-26',31,99,2,1,'Friendly','Casa','V'),(52,'2022-03-26',99,4,2,2,'Friendly','Casa','E'),(53,'2022-03-26',8,99,2,1,'Friendly','Casa','V'),(54,'2022-01-25',44,99,2,1,'African Cup of Nations','Neutro','V'),(55,'2022-03-27',23,99,4,0,'FIFA World Cup qualification','Casa','V'),(56,'2022-01-25',45,40,2,0,'African Cup of Nations','Neutro','V'),(57,'2022-03-27',99,25,0,1,'FIFA World Cup qualification','Casa','D'),(58,'2022-01-26',41,42,0,0,'African Cup of Nations','Neutro','E'),(59,'2022-03-27',24,28,5,1,'FIFA World Cup qualification','Casa','V'),(60,'2022-01-27',37,99,3,0,'Friendly','Neutro','V'),(61,'2022-01-27',99,25,1,2,'FIFA World Cup qualification','Casa','D'),(62,'2022-03-27',48,99,1,0,'FIFA World Cup qualification','Neutro','V'),(63,'2022-01-27',24,99,1,0,'FIFA World Cup qualification','Casa','V'),(64,'2022-03-27',99,27,2,1,'Friendly','Neutro','V'),(65,'2022-03-28',40,99,2,0,'Friendly','Neutro','V'),(66,'2022-01-27',99,23,0,2,'FIFA World Cup qualification','Casa','D'),(67,'2022-01-27',99,28,1,0,'FIFA World Cup qualification','Casa','V'),(68,'2022-01-27',99,32,0,1,'FIFA World Cup qualification','Casa','D'),(69,'2022-01-27',33,34,1,0,'FIFA World Cup qualification','Casa','V'),(70,'2022-01-27',35,99,2,0,'FIFA World Cup qualification','Casa','V'),(71,'2022-01-27',30,99,4,0,'FIFA World Cup qualification','Casa','V'),(72,'2022-03-29',39,99,1,2,'FIFA World Cup qualification','Casa','D'),(73,'2022-03-29',44,47,4,1,'FIFA World Cup qualification','Casa','V'),(74,'2022-03-29',99,43,1,1,'FIFA World Cup qualification','Casa','E'),(75,'2022-01-27',29,99,1,0,'FIFA World Cup qualification','Casa','V'),(76,'2022-03-29',45,42,1,0,'FIFA World Cup qualification','Casa','V'),(77,'2022-01-27',20,1,1,1,'FIFA World Cup qualification','Casa','E'),(78,'2022-03-29',46,99,0,0,'FIFA World Cup qualification','Casa','E'),(79,'2022-03-29',33,99,2,0,'FIFA World Cup qualification','Casa','V'),(80,'2022-03-29',99,34,1,1,'FIFA World Cup qualification','Neutro','E'),(81,'2022-03-29',99,32,1,0,'FIFA World Cup qualification','Casa','V'),(82,'2022-03-29',35,99,1,1,'FIFA World Cup qualification','Casa','E'),(83,'2022-03-29',29,30,1,0,'FIFA World Cup qualification','Casa','V'),(84,'2022-01-27',21,22,0,1,'FIFA World Cup qualification','Casa','D'),(85,'2022-03-29',20,18,1,1,'FIFA World Cup qualification','Casa','E'),(86,'2022-01-27',99,18,1,2,'FIFA World Cup qualification','Casa','D'),(87,'2022-03-29',99,21,2,0,'FIFA World Cup qualification','Casa','V'),(88,'2022-01-28',36,48,3,1,'Friendly','Neutro','V'),(89,'2022-01-28',19,99,0,1,'FIFA World Cup qualification','Casa','D'),(90,'2022-01-29',99,46,1,0,'African Cup of Nations','Neutro','V'),(91,'2022-03-29',99,1,0,4,'FIFA World Cup qualification','Casa','D'),(92,'2022-03-29',99,19,0,1,'FIFA World Cup qualification','Casa','D'),(93,'2022-01-30',42,44,2,1,'African Cup of Nations','Neutro','V'),(94,'2022-01-30',45,99,3,1,'African Cup of Nations','Neutro','V'),(95,'2022-01-30',23,24,2,0,'FIFA World Cup qualification','Casa','V'),(96,'2022-01-30',25,99,0,0,'FIFA World Cup qualification','Casa','E'),(97,'2022-01-30',28,99,3,2,'FIFA World Cup qualification','Casa','V'),(98,'2022-02-01',99,47,1,0,'Friendly','Casa','V'),(99,'2022-02-01',99,34,1,1,'FIFA World Cup qualification','Casa','E'),(100,'2022-03-29',99,22,0,2,'FIFA World Cup qualification','Casa','D'),(101,'2022-03-29',99,15,2,0,'FIFA World Cup qualification','Casa','V'),(102,'2022-03-29',13,99,2,0,'FIFA World Cup qualification','Casa','V'),(103,'2022-02-01',33,99,1,0,'FIFA World Cup qualification','Casa','V'),(104,'2022-03-29',3,7,2,2,'Friendly','Casa','E'),(105,'2022-02-01',99,32,0,2,'FIFA World Cup qualification','Neutro','D'),(106,'2022-03-29',4,99,3,0,'Friendly','Casa','V'),(107,'2022-02-01',35,29,2,0,'FIFA World Cup qualification','Casa','V'),(108,'2022-02-01',99,30,2,2,'FIFA World Cup qualification','Casa','E'),(109,'2022-02-01',22,99,4,1,'FIFA World Cup qualification','Casa','V'),(110,'2022-03-29',5,99,1,0,'Friendly','Casa','V'),(111,'2022-03-29',6,99,2,1,'Friendly','Neutro','V'),(112,'2022-03-29',10,41,3,0,'Friendly','Casa','V'),(113,'2022-02-01',18,19,1,0,'FIFA World Cup qualification','Casa','V'),(114,'2022-03-29',9,38,5,0,'Friendly','Casa','V'),(115,'2022-02-01',99,20,1,1,'FIFA World Cup qualification','Casa','E'),(116,'2022-02-01',1,21,4,0,'FIFA World Cup qualification','Casa','V'),(117,'2022-02-02',99,45,1,3,'African Cup of Nations','Neutro','D'),(118,'2022-03-29',12,2,1,1,'Friendly','Casa','E'),(119,'2022-03-29',11,99,9,0,'Friendly','Casa','V'),(120,'2022-03-29',31,99,0,0,'Friendly','Casa','E'),(121,'2022-03-29',8,99,5,0,'Friendly','Casa','V'),(122,'2022-03-29',16,99,1,1,'Friendly','Casa','E'),(123,'2022-03-29',17,99,2,3,'Friendly','Casa','D'),(124,'2022-03-29',99,14,1,1,'Friendly','Casa','E'),(125,'2022-02-02',24,99,3,0,'FIFA World Cup qualification','Casa','V'),(126,'2022-03-30',25,99,2,0,'FIFA World Cup qualification','Casa','V'),(127,'2022-02-02',99,23,0,2,'FIFA World Cup qualification','Casa','D'),(128,'2022-02-02',25,28,1,0,'FIFA World Cup qualification','Casa','V'),(129,'2022-02-03',99,42,0,0,'African Cup of Nations','Casa','E'),(130,'2022-02-06',45,42,0,0,'African Cup of Nations','Neutro','E'),(131,'2022-03-30',99,24,2,0,'FIFA World Cup qualification','Casa','V'),(132,'2022-03-30',28,23,1,0,'FIFA World Cup qualification','Casa','V'),(133,'2022-03-30',99,48,0,5,'FIFA World Cup qualification','Neutro','D'),(134,'2022-04-27',25,99,0,0,'Friendly','Neutro','E'),(135,'2022-03-18',99,48,0,1,'FIFA World Cup qualification','Neutro','D'),(136,'2022-03-18',34,99,3,1,'Friendly','Casa','V'),(137,'2022-03-21',48,99,4,0,'FIFA World Cup qualification','Neutro','V'),(138,'2022-03-23',99,40,0,2,'Friendly','Neutro','D'),(139,'2022-03-24',25,24,0,0,'FIFA World Cup qualification','Casa','E'),(140,'2022-03-24',28,99,1,1,'FIFA World Cup qualification','Casa','E'),(141,'2022-03-24',99,23,1,0,'FIFA World Cup qualification','Casa','V'),(142,'2022-05-28',99,36,0,2,'Friendly','Neutro','D'),(143,'2022-05-28',25,99,2,1,'Friendly','Neutro','V'),(144,'2022-03-24',34,99,1,0,'FIFA World Cup qualification','Neutro','V'),(145,'2022-06-01',99,18,0,3,'CONMEBOL–UEFA Cup of Champions','Neutro','D'),(146,'2022-06-01',7,99,1,3,'FIFA World Cup qualification','Casa','D'),(147,'2022-06-01',43,99,3,0,'African Cup of Nations qualification','Casa','V'),(148,'2022-03-24',32,33,2,0,'FIFA World Cup qualification','Casa','V'),(149,'2022-03-24',99,29,1,1,'FIFA World Cup qualification','Neutro','E'),(150,'2022-03-24',30,35,0,2,'FIFA World Cup qualification','Casa','D'),(151,'2022-03-24',48,99,7,1,'FIFA World Cup qualification','Neutro','V'),(152,'2022-03-24',19,99,3,0,'FIFA World Cup qualification','Casa','V'),(153,'2022-03-24',1,99,4,0,'FIFA World Cup qualification','Casa','V'),(154,'2022-06-01',30,36,2,1,'Friendly','Neutro','V'),(155,'2022-06-01',24,44,3,0,'Friendly','Casa','V'),(156,'2022-03-24',21,20,3,1,'FIFA World Cup qualification','Casa','V'),(157,'2022-06-02',46,99,4,0,'African Cup of Nations qualification','Casa','V'),(158,'2022-06-02',28,99,2,0,'CONCACAF Nations League','Casa','V'),(159,'2022-06-02',14,16,2,1,'UEFA Nations League','Casa','V'),(160,'2022-06-02',8,13,1,1,'UEFA Nations League','Casa','E'),(161,'2022-06-02',99,11,0,1,'UEFA Nations League','Casa','D'),(162,'2022-06-02',99,15,0,2,'UEFA Nations League','Casa','D'),(163,'2022-06-02',20,99,1,0,'Friendly','Neutro','V'),(164,'2022-06-02',35,21,4,1,'Friendly','Casa','V'),(165,'2022-06-02',32,1,1,5,'Friendly','Casa','D'),(166,'2022-06-02',25,22,0,3,'Friendly','Neutro','D'),(167,'2022-06-03',99,40,2,0,'African Cup of Nations qualification','Neutro','V'),(168,'2022-06-03',41,99,3,1,'African Cup of Nations qualification','Casa','V'),(169,'2022-06-03',6,3,0,3,'UEFA Nations League','Casa','D'),(170,'2022-06-03',9,99,1,2,'UEFA Nations League','Casa','D'),(171,'2022-06-03',4,12,1,4,'UEFA Nations League','Casa','D'),(172,'2022-06-04',39,99,2,0,'African Cup of Nations qualification','Casa','V'),(173,'2023-09-08',27,99,0,0,'CONCACAF Nations League','Neutro','E'),(174,'2023-09-08',22,99,3,1,'FIFA World Cup qualification','Casa','V'),(175,'2023-09-08',1,99,5,1,'FIFA World Cup qualification','Casa','V'),(176,'2023-09-08',99,29,3,1,'Friendly','Neutro','V'),(177,'2023-09-08',42,99,1,0,'African Cup of Nations qualification','Casa','V'),(178,'2023-09-08',99,8,1,7,'UEFA Euro qualification','Casa','D'),(179,'2023-09-08',99,7,0,3,'UEFA Euro qualification','Casa','D'),(180,'2023-09-08',6,99,5,0,'UEFA Euro qualification','Casa','V'),(181,'2023-09-08',17,99,1,1,'UEFA Euro qualification','Casa','E'),(182,'2023-09-08',5,99,2,1,'UEFA Euro qualification','Casa','V'),(183,'2023-09-08',99,13,0,1,'UEFA Euro qualification','Casa','D'),(184,'2023-09-09',2,35,1,4,'Friendly','Casa','D'),(185,'2023-09-09',25,30,2,2,'Friendly','Neutro','E'),(186,'2023-09-09',38,99,0,0,'Friendly','Casa','E'),(187,'2023-09-09',24,37,3,0,'Friendly','Casa','V'),(188,'2023-09-09',41,99,1,0,'African Cup of Nations qualification','Casa','V'),(189,'2023-09-09',47,99,2,0,'African Cup of Nations qualification','Casa','V'),(190,'2023-09-09',99,45,1,1,'African Cup of Nations qualification','Casa','E'),(191,'2023-09-09',99,10,1,1,'UEFA Euro qualification','Neutro','E'),(192,'2022-06-04',47,99,0,1,'African Cup of Nations qualification','Casa','D'),(193,'2023-09-09',99,4,0,1,'UEFA Euro qualification','Casa','D'),(194,'2022-06-04',45,99,3,1,'African Cup of Nations qualification','Casa','V'),(195,'2023-09-09',99,15,0,5,'UEFA Euro qualification','Casa','D'),(196,'2022-06-04',99,27,0,0,'CONCACAF Nations League','Casa','E'),(197,'2022-06-04',99,10,1,0,'UEFA Nations League','Casa','V'),(198,'2022-06-04',99,2,1,1,'UEFA Nations League','Casa','E'),(199,'2022-06-04',99,5,1,1,'UEFA Nations League','Casa','E'),(200,'2022-06-04',17,99,4,0,'UEFA Nations League','Casa','V'),(201,'2022-06-05',42,99,1,0,'African Cup of Nations qualification','Casa','V'),(202,'2022-06-05',99,43,1,1,'African Cup of Nations qualification','Neutro','E'),(203,'2022-06-05',99,46,0,0,'African Cup of Nations qualification','Casa','E'),(204,'2022-06-05',13,16,4,0,'UEFA Nations League','Casa','V'),(205,'2022-06-05',14,8,2,2,'UEFA Nations League','Casa','E'),(206,'2022-06-05',15,11,1,2,'UEFA Nations League','Casa','D'),(207,'2022-06-05',18,99,5,0,'Friendly','Neutro','V'),(208,'2022-06-05',25,20,0,0,'Friendly','Neutro','E'),(209,'2022-06-05',99,48,1,0,'Friendly','Neutro','V'),(210,'2022-06-05',29,19,0,1,'Friendly','Neutro','D'),(211,'2023-09-09',99,16,2,2,'UEFA Euro qualification','Casa','E'),(212,'2023-09-10',99,28,1,1,'CONCACAF Nations League','Casa','E'),(213,'2023-09-10',99,14,1,1,'Friendly','Casa','E'),(214,'2023-09-10',99,40,3,2,'African Cup of Nations qualification','Casa','V'),(215,'2023-09-10',99,12,1,2,'UEFA Euro qualification','Casa','D'),(216,'2023-09-11',99,6,0,1,'UEFA Euro qualification','Casa','D'),(217,'2022-06-05',24,22,0,0,'Friendly','Casa','E'),(218,'2022-06-06',3,99,1,2,'UEFA Nations League','Casa','D'),(219,'2023-09-11',99,5,1,0,'UEFA Euro qualification','Casa','V'),(220,'2022-06-06',6,9,1,1,'UEFA Nations League','Casa','E'),(221,'2023-09-11',13,99,9,0,'UEFA Euro qualification','Casa','V'),(222,'2022-06-06',32,99,2,0,'Friendly','Casa','V'),(223,'2023-09-12',99,27,2,2,'CONCACAF Nations League','Casa','E'),(224,'2022-06-06',35,1,0,1,'Friendly','Casa','D'),(225,'2023-09-12',99,18,0,3,'FIFA World Cup qualification','Casa','D'),(226,'2022-06-07',40,99,2,0,'African Cup of Nations qualification','Neutro','V'),(227,'2023-09-12',20,22,2,1,'FIFA World Cup qualification','Casa','V'),(228,'2022-06-07',45,99,1,0,'African Cup of Nations qualification','Casa','V'),(229,'2023-09-12',99,21,1,0,'FIFA World Cup qualification','Casa','V'),(230,'2023-09-12',99,1,0,1,'FIFA World Cup qualification','Casa','D'),(231,'2023-09-12',99,19,0,0,'FIFA World Cup qualification','Casa','E'),(232,'2023-09-12',99,36,2,1,'Friendly','Casa','V'),(233,'2023-09-12',42,46,1,3,'Friendly','Casa','D'),(234,'2022-06-07',27,99,3,2,'CONCACAF Nations League','Neutro','V'),(235,'2023-09-12',2,9,2,1,'Friendly','Casa','V'),(236,'2023-09-12',31,99,1,1,'Friendly','Casa','E'),(237,'2023-09-12',43,99,3,1,'Friendly','Casa','V'),(238,'2023-09-12',33,99,4,0,'Friendly','Casa','V'),(239,'2022-06-07',2,10,1,1,'UEFA Nations League','Casa','E'),(240,'2023-09-12',35,17,4,2,'Friendly','Neutro','V'),(241,'2022-06-07',5,99,1,0,'UEFA Nations League','Casa','V'),(242,'2023-09-12',32,29,1,0,'Friendly','Neutro','V'),(243,'2022-06-07',99,17,0,6,'UEFA Nations League','Casa','D'),(244,'2023-09-12',25,37,3,3,'Friendly','Neutro','E'),(245,'2022-06-07',99,30,1,2,'FIFA World Cup qualification','Neutro','D'),(246,'2023-09-12',44,99,1,0,'Friendly','Neutro','V'),(247,'2022-06-08',36,99,2,0,'AFC Asian Cup qualification','Neutro','V'),(248,'2023-09-12',7,10,1,3,'Friendly','Casa','D'),(249,'2023-09-12',45,39,0,1,'Friendly','Casa','D'),(250,'2022-06-08',37,99,3,0,'AFC Asian Cup qualification','Casa','V'),(251,'2023-09-12',38,47,1,0,'Friendly','Casa','V'),(252,'2022-06-08',99,39,0,2,'African Cup of Nations qualification','Casa','D'),(253,'2022-06-08',99,47,2,1,'African Cup of Nations qualification','Casa','V'),(254,'2023-09-12',24,99,4,0,'Friendly','Casa','V'),(255,'2022-06-08',99,12,1,2,'UEFA Nations League','Casa','D'),(256,'2023-09-12',11,99,2,1,'UEFA Euro qualification','Casa','V'),(257,'2023-09-12',8,99,6,0,'UEFA Euro qualification','Casa','V'),(258,'2023-09-12',4,99,5,0,'UEFA Euro qualification','Casa','V'),(259,'2023-09-12',15,3,1,3,'UEFA Euro qualification','Casa','D'),(260,'2023-09-12',16,99,3,0,'UEFA Euro qualification','Casa','V'),(261,'2022-06-08',4,99,6,1,'UEFA Nations League','Casa','V'),(262,'2022-06-08',7,99,2,0,'UEFA Nations League','Casa','V'),(263,'2022-06-09',99,42,2,0,'African Cup of Nations qualification','Neutro','V'),(264,'2022-06-09',99,41,0,0,'African Cup of Nations qualification','Neutro','E'),(265,'2022-06-09',44,38,2,1,'African Cup of Nations qualification','Casa','V'),(266,'2022-06-09',28,99,5,0,'CONCACAF Nations League','Casa','V'),(267,'2022-06-09',23,26,4,0,'CONCACAF Nations League','Casa','V'),(268,'2022-06-09',13,14,2,0,'UEFA Nations League','Casa','V'),(269,'2022-06-09',16,8,0,1,'UEFA Nations League','Casa','D'),(270,'2022-06-09',11,99,0,0,'UEFA Nations League','Casa','E'),(271,'2022-06-09',15,99,0,1,'UEFA Nations League','Casa','D'),(272,'2022-06-09',48,99,0,0,'Friendly','Neutro','E'),(273,'2022-06-09',29,99,0,1,'Friendly','Neutro','D'),(274,'2022-06-10',24,99,5,0,'CONCACAF Nations League','Casa','V'),(275,'2022-06-10',3,9,1,1,'UEFA Nations League','Casa','E'),(276,'2022-06-10',99,6,0,1,'UEFA Nations League','Casa','D'),(277,'2022-06-10',32,21,2,2,'Friendly','Casa','E'),(278,'2022-06-11',99,36,0,1,'AFC Asian Cup qualification','Neutro','D'),(279,'2022-06-11',37,99,4,0,'AFC Asian Cup qualification','Casa','V'),(280,'2022-06-11',25,99,3,0,'CONCACAF Nations League','Casa','V'),(281,'2022-06-11',99,27,2,6,'CONCACAF Nations League','Casa','D'),(282,'2023-10-12',99,27,1,1,'CONCACAF Nations League','Casa','E'),(283,'2023-10-12',19,22,2,2,'FIFA World Cup qualification','Casa','E'),(284,'2023-10-12',99,20,1,2,'FIFA World Cup qualification','Casa','D'),(285,'2023-10-12',18,21,1,0,'FIFA World Cup qualification','Casa','V'),(286,'2022-06-11',10,99,0,0,'UEFA Nations League','Casa','E'),(287,'2022-06-11',99,2,1,1,'UEFA Nations League','Casa','E'),(288,'2022-06-11',99,4,1,1,'UEFA Nations League','Casa','E'),(289,'2022-06-11',12,99,2,2,'UEFA Nations League','Casa','E'),(290,'2023-10-12',1,99,1,1,'FIFA World Cup qualification','Casa','E'),(291,'2023-10-12',39,40,5,1,'Friendly','Casa','V'),(292,'2023-10-12',42,99,1,0,'Friendly','Neutro','V'),(293,'2023-10-12',15,99,3,1,'Friendly','Casa','V'),(294,'2022-06-11',99,7,3,0,'UEFA Nations League','Casa','V'),(295,'2022-06-11',99,5,1,1,'UEFA Nations League','Casa','E'),(296,'2023-10-12',8,7,2,0,'UEFA Euro qualification','Casa','V'),(297,'2022-06-11',99,17,0,2,'UEFA Nations League','Casa','D'),(298,'2023-10-12',99,11,0,4,'UEFA Euro qualification','Casa','D'),(299,'2022-06-11',20,40,1,0,'Friendly','Neutro','V'),(300,'2023-10-12',6,17,0,1,'UEFA Euro qualification','Casa','D'),(301,'2022-06-11',22,28,5,0,'Friendly','Casa','V'),(302,'2023-10-12',99,14,3,0,'UEFA Euro qualification','Casa','V'),(303,'2022-06-12',99,28,0,0,'CONCACAF Nations League','Casa','E'),(304,'2023-10-13',26,28,1,2,'CONCACAF Nations League','Casa','D'),(305,'2022-06-12',8,14,2,0,'UEFA Nations League','Casa','V'),(306,'2023-10-13',47,48,1,1,'Friendly','Neutro','E'),(307,'2023-10-13',10,30,1,0,'Friendly','Casa','V'),(308,'2022-06-12',16,13,1,0,'UEFA Nations League','Casa','V'),(309,'2022-06-12',11,15,3,2,'UEFA Nations League','Casa','V'),(310,'2023-10-13',34,31,0,0,'Friendly','Neutro','E'),(311,'2023-10-13',35,23,4,1,'Friendly','Casa','V'),(312,'2022-06-12',33,39,1,2,'Friendly','Neutro','D'),(313,'2022-06-13',30,99,0,0,'FIFA World Cup qualification','Neutro','E'),(314,'2022-06-13',44,99,2,0,'African Cup of Nations qualification','Casa','V'),(315,'2023-10-13',32,46,4,0,'Friendly','Casa','V'),(316,'2022-06-13',99,23,2,1,'CONCACAF Nations League','Casa','V'),(317,'2023-10-13',99,29,2,2,'Friendly','Neutro','E'),(318,'2022-06-13',99,3,2,0,'UEFA Nations League','Casa','V'),(319,'2023-10-13',38,99,0,0,'Friendly','Casa','E'),(320,'2023-10-13',99,37,0,2,'Friendly','Neutro','D'),(321,'2023-10-13',12,9,1,2,'UEFA Euro qualification','Casa','D'),(322,'2022-06-13',9,6,0,1,'UEFA Nations League','Casa','D'),(323,'2022-06-14',99,48,1,0,'FIFA World Cup qualification','Neutro','V'),(324,'2022-06-14',99,36,0,3,'AFC Asian Cup qualification','Casa','D'),(325,'2023-10-13',3,4,2,3,'UEFA Euro qualification','Casa','D'),(326,'2023-10-13',13,99,3,2,'UEFA Euro qualification','Casa','V'),(327,'2023-10-13',99,5,0,2,'UEFA Euro qualification','Casa','D'),(328,'2022-06-14',37,99,2,0,'AFC Asian Cup qualification','Casa','V'),(329,'2022-06-14',99,25,1,1,'CONCACAF Nations League','Casa','E'),(330,'2023-10-14',41,44,1,1,'Friendly','Casa','E'),(331,'2022-06-14',99,24,1,1,'CONCACAF Nations League','Casa','E'),(332,'2023-10-14',25,43,2,0,'Friendly','Neutro','V'),(333,'2022-06-14',27,99,6,0,'CONCACAF Nations League','Neutro','V'),(334,'2023-10-14',24,2,1,3,'Friendly','Casa','D'),(335,'2023-10-15',27,99,2,3,'CONCACAF Nations League','Neutro','D'),(336,'2023-10-15',11,8,0,1,'UEFA Euro qualification','Casa','D'),(337,'2023-10-15',99,6,2,1,'UEFA Euro qualification','Casa','V'),(338,'2023-10-15',17,99,4,0,'UEFA Euro qualification','Casa','V'),(339,'2023-10-15',14,99,1,0,'UEFA Euro qualification','Casa','V'),(340,'2023-10-15',16,99,3,3,'UEFA Euro qualification','Casa','E'),(341,'2023-03-23',39,99,2,1,'African Cup of Nations qualification','Casa','V'),(342,'2023-10-16',39,42,1,1,'Friendly','Neutro','E'),(343,'2023-10-16',99,37,1,2,'Friendly','Casa','D'),(344,'2023-10-16',45,99,1,0,'Friendly','Neutro','V'),(345,'2023-10-16',99,12,0,1,'UEFA Euro qualification','Casa','D'),(346,'2023-10-16',99,3,0,1,'UEFA Euro qualification','Casa','D'),(347,'2023-10-16',4,15,1,1,'UEFA Euro qualification','Casa','E'),(348,'2023-10-16',5,13,0,5,'UEFA Euro qualification','Casa','D'),(349,'2023-10-17',28,99,3,0,'CONCACAF Nations League','Casa','V'),(350,'2023-10-17',20,19,0,0,'FIFA World Cup qualification','Casa','E'),(351,'2022-06-14',10,99,0,4,'UEFA Nations League','Casa','D'),(352,'2022-06-14',2,99,5,2,'UEFA Nations League','Casa','V'),(353,'2022-06-14',12,99,3,2,'UEFA Nations League','Casa','V'),(354,'2023-10-17',21,99,1,0,'FIFA World Cup qualification','Casa','V'),(355,'2023-10-17',99,18,0,2,'FIFA World Cup qualification','Casa','D'),(356,'2023-10-17',22,1,2,0,'FIFA World Cup qualification','Casa','V'),(357,'2023-10-17',99,47,0,0,'Friendly','Neutro','E'),(358,'2023-10-17',40,99,1,2,'Friendly','Casa','D'),(359,'2023-10-17',9,7,4,1,'Friendly','Casa','V'),(360,'2023-10-17',41,38,1,1,'Friendly','Casa','E'),(361,'2023-10-17',32,99,6,0,'Friendly','Casa','V'),(362,'2023-10-17',99,29,3,1,'Friendly','Neutro','V'),(363,'2023-10-17',25,2,2,2,'Friendly','Neutro','E'),(364,'2023-10-17',24,43,4,0,'Friendly','Casa','V'),(365,'2023-10-17',44,99,3,0,'African Cup of Nations qualification','Casa','V'),(366,'2023-10-17',10,99,3,1,'UEFA Euro qualification','Casa','V'),(367,'2023-11-15',47,99,2,0,'FIFA World Cup qualification','Casa','V'),(368,'2023-11-15',4,99,1,0,'Friendly','Casa','V'),(369,'2023-11-15',99,16,1,1,'UEFA Euro qualification','Neutro','E'),(370,'2023-11-21',21,19,0,1,'FIFA World Cup qualification','Casa','D'),(371,'2023-11-16',99,28,0,3,'CONCACAF Nations League','Casa','D'),(372,'2023-11-21',22,99,3,0,'FIFA World Cup qualification','Casa','V'),(373,'2023-11-21',1,18,0,1,'FIFA World Cup qualification','Casa','D'),(374,'2023-11-21',99,31,0,3,'FIFA World Cup qualification','Casa','D'),(375,'2023-11-16',24,99,3,0,'CONCACAF Nations League','Casa','V'),(376,'2023-11-21',99,35,0,5,'FIFA World Cup qualification','Neutro','D'),(377,'2023-11-16',99,20,0,0,'FIFA World Cup qualification','Casa','E'),(378,'2023-11-21',99,32,0,3,'FIFA World Cup qualification','Casa','D'),(379,'2023-11-16',19,1,2,1,'FIFA World Cup qualification','Casa','V'),(380,'2023-11-21',37,33,2,2,'FIFA World Cup qualification','Casa','E'),(381,'2023-11-16',18,22,0,2,'FIFA World Cup qualification','Casa','D'),(382,'2023-11-21',99,34,0,1,'FIFA World Cup qualification','Casa','D'),(383,'2023-11-21',36,29,0,2,'FIFA World Cup qualification','Casa','D'),(384,'2023-11-21',99,30,0,1,'FIFA World Cup qualification','Neutro','D'),(385,'2023-11-21',99,45,0,0,'FIFA World Cup qualification','Casa','E'),(386,'2023-11-16',99,21,0,0,'FIFA World Cup qualification','Casa','E'),(387,'2023-11-21',99,38,2,0,'FIFA World Cup qualification','Casa','V'),(388,'2023-11-21',99,40,0,2,'FIFA World Cup qualification','Neutro','D'),(389,'2023-11-16',31,99,8,1,'FIFA World Cup qualification','Casa','V'),(390,'2023-11-16',35,99,5,0,'FIFA World Cup qualification','Casa','V'),(391,'2023-11-21',99,44,0,2,'FIFA World Cup qualification','Casa','D'),(392,'2023-11-16',32,99,5,0,'FIFA World Cup qualification','Casa','V'),(393,'2023-11-21',99,46,0,1,'FIFA World Cup qualification','Casa','D'),(394,'2023-11-16',33,99,4,0,'FIFA World Cup qualification','Casa','V'),(395,'2023-11-21',99,43,1,0,'FIFA World Cup qualification','Casa','V'),(396,'2023-11-21',3,2,2,0,'Friendly','Casa','V'),(397,'2023-11-21',99,48,1,1,'Friendly','Casa','E'),(398,'2023-11-21',99,12,0,6,'UEFA Euro qualification','Neutro','D'),(399,'2023-11-21',99,9,2,2,'UEFA Euro qualification','Casa','E'),(400,'2023-11-16',99,37,1,3,'FIFA World Cup qualification','Casa','D'),(401,'2023-11-21',99,17,1,1,'UEFA Euro qualification','Casa','E'),(402,'2023-11-16',34,99,5,1,'FIFA World Cup qualification','Casa','V'),(403,'2023-11-21',6,99,1,0,'UEFA Euro qualification','Casa','V'),(404,'2023-11-21',99,16,1,0,'UEFA Euro qualification','Casa','V'),(405,'2023-03-23',99,10,1,2,'UEFA Euro qualification','Casa','D'),(406,'2023-12-16',25,19,2,3,'Friendly','Neutro','D'),(407,'2024-01-01',35,99,5,0,'Friendly','Casa','V'),(408,'2024-01-04',29,99,1,0,'Friendly','Neutro','V'),(409,'2024-01-05',33,99,2,1,'Friendly','Casa','V'),(410,'2024-01-05',31,36,1,2,'Friendly','Casa','D'),(411,'2024-01-05',99,39,0,3,'Friendly','Casa','D'),(412,'2024-01-06',47,99,0,0,'Friendly','Neutro','E'),(413,'2024-01-06',34,32,0,1,'Friendly','Neutro','D'),(414,'2024-01-06',99,30,0,2,'Friendly','Neutro','D'),(415,'2024-01-06',41,99,5,1,'Friendly','Casa','V'),(416,'2024-01-06',46,99,0,0,'Friendly','Casa','E'),(417,'2024-01-07',37,99,1,0,'Friendly','Neutro','V'),(418,'2024-01-07',42,99,2,0,'Friendly','Casa','V'),(419,'2024-01-08',45,99,1,0,'Friendly','Casa','V'),(420,'2024-01-08',43,99,0,0,'Friendly','Casa','E'),(421,'2024-01-09',35,36,6,1,'Friendly','Neutro','V'),(422,'2024-01-09',29,99,0,0,'Friendly','Neutro','E'),(423,'2024-01-09',99,39,0,4,'Friendly','Neutro','D'),(424,'2024-01-09',99,33,0,5,'Friendly','Neutro','D'),(425,'2024-01-10',38,99,0,0,'Friendly','Casa','E'),(426,'2024-01-10',47,99,1,2,'Friendly','Neutro','D'),(427,'2024-01-10',29,99,2,0,'Friendly','Neutro','V'),(428,'2024-01-10',46,40,2,0,'Friendly','Casa','V'),(429,'2024-01-11',44,99,3,1,'Friendly','Neutro','V'),(430,'2024-01-12',31,99,3,0,'AFC Asian Cup','Casa','V'),(431,'2024-01-12',15,99,2,1,'Friendly','Neutro','V'),(432,'2023-11-16',99,36,1,1,'FIFA World Cup qualification','Casa','E'),(433,'2024-01-13',30,99,2,0,'AFC Asian Cup','Neutro','V'),(434,'2024-01-13',37,99,0,0,'AFC Asian Cup','Neutro','E'),(435,'2023-11-16',29,99,4,0,'FIFA World Cup qualification','Casa','V'),(436,'2024-01-13',41,99,2,0,'African Cup of Nations','Casa','V'),(437,'2023-11-16',30,99,7,0,'FIFA World Cup qualification','Casa','V'),(438,'2024-01-14',33,99,4,1,'AFC Asian Cup','Neutro','V'),(439,'2024-01-14',35,99,4,2,'AFC Asian Cup','Neutro','V'),(440,'2023-11-16',42,99,6,0,'FIFA World Cup qualification','Casa','V'),(441,'2024-01-14',42,99,2,2,'African Cup of Nations','Neutro','E'),(442,'2023-11-16',40,99,0,0,'FIFA World Cup qualification','Casa','E'),(443,'2023-11-16',39,99,3,1,'FIFA World Cup qualification','Casa','V'),(444,'2024-01-14',43,40,1,2,'African Cup of Nations','Neutro','D'),(445,'2024-01-15',99,34,1,3,'AFC Asian Cup','Neutro','D'),(446,'2024-01-15',32,99,3,1,'AFC Asian Cup','Neutro','V'),(447,'2024-01-15',99,36,0,4,'AFC Asian Cup','Neutro','D'),(448,'2024-01-15',45,99,3,0,'African Cup of Nations','Neutro','V'),(449,'2023-11-16',11,99,2,0,'Friendly','Casa','V'),(450,'2024-01-15',39,99,1,1,'African Cup of Nations','Neutro','E'),(451,'2024-01-16',29,99,2,1,'AFC Asian Cup','Neutro','V'),(452,'2024-01-16',46,99,0,1,'African Cup of Nations','Neutro','D'),(453,'2024-01-16',99,38,2,0,'African Cup of Nations','Neutro','V'),(454,'2023-11-16',99,8,1,3,'UEFA Euro qualification','Casa','D'),(455,'2024-01-17',31,99,1,0,'AFC Asian Cup','Casa','V'),(456,'2023-11-16',99,7,2,2,'UEFA Euro qualification','Casa','E'),(457,'2024-01-17',44,99,3,0,'African Cup of Nations','Neutro','V'),(458,'2023-11-16',99,3,0,2,'UEFA Euro qualification','Casa','D'),(459,'2024-01-17',47,99,1,1,'African Cup of Nations','Neutro','E'),(460,'2023-11-16',99,15,3,0,'UEFA Euro qualification','Casa','V'),(461,'2024-01-18',99,30,0,1,'AFC Asian Cup','Neutro','D'),(462,'2023-11-16',99,13,0,2,'UEFA Euro qualification','Casa','D'),(463,'2024-01-18',99,37,0,3,'AFC Asian Cup','Neutro','D'),(464,'2023-11-16',99,5,4,1,'UEFA Euro qualification','Casa','V'),(465,'2024-01-18',41,99,0,1,'African Cup of Nations','Casa','D'),(466,'2023-11-17',99,25,2,0,'CONCACAF Nations League','Casa','V'),(467,'2024-01-18',42,43,2,2,'African Cup of Nations','Neutro','E'),(468,'2024-01-19',99,33,0,1,'AFC Asian Cup','Neutro','D'),(469,'2024-01-19',34,35,2,1,'AFC Asian Cup','Neutro','V'),(470,'2024-01-19',40,99,3,0,'African Cup of Nations','Neutro','V'),(471,'2024-01-19',45,99,3,1,'African Cup of Nations','Neutro','V'),(472,'2023-11-17',41,99,9,0,'FIFA World Cup qualification','Casa','V'),(473,'2024-01-20',36,32,2,2,'AFC Asian Cup','Neutro','E'),(474,'2024-01-20',39,99,2,2,'African Cup of Nations','Neutro','E'),(475,'2024-01-20',46,99,1,1,'African Cup of Nations','Neutro','E'),(476,'2024-01-20',24,99,0,1,'Friendly','Casa','D'),(477,'2024-01-21',99,29,0,2,'AFC Asian Cup','Neutro','D'),(478,'2023-11-17',46,99,4,0,'FIFA World Cup qualification','Casa','V'),(479,'2024-01-21',38,99,4,0,'African Cup of Nations','Neutro','V'),(480,'2023-11-17',43,99,1,0,'FIFA World Cup qualification','Casa','V'),(481,'2024-01-21',44,47,1,1,'African Cup of Nations','Neutro','E'),(482,'2023-11-17',99,48,2,0,'Friendly','Casa','V'),(483,'2024-01-22',31,99,1,0,'AFC Asian Cup','Casa','V'),(484,'2023-11-17',10,99,2,0,'UEFA Euro qualification','Casa','V'),(485,'2024-01-22',41,99,0,4,'African Cup of Nations','Casa','D'),(486,'2023-11-17',99,14,1,1,'UEFA Euro qualification','Casa','E'),(487,'2024-01-22',40,42,2,2,'African Cup of Nations','Neutro','E'),(488,'2023-11-18',99,23,1,2,'CONCACAF Nations League','Casa','D'),(489,'2024-01-22',99,43,2,2,'African Cup of Nations','Neutro','E'),(490,'2024-01-23',30,37,1,1,'AFC Asian Cup','Neutro','E'),(491,'2024-01-23',33,99,2,1,'AFC Asian Cup','Neutro','V'),(492,'2024-01-23',99,45,0,2,'African Cup of Nations','Neutro','D'),(493,'2023-11-18',45,99,4,0,'FIFA World Cup qualification','Casa','V'),(494,'2023-11-18',38,99,2,1,'FIFA World Cup qualification','Casa','V'),(495,'2023-11-18',2,17,2,3,'Friendly','Casa','D'),(496,'2024-01-23',99,39,1,0,'African Cup of Nations','Neutro','V'),(497,'2023-11-18',9,99,14,0,'UEFA Euro qualification','Casa','V'),(498,'2024-01-24',34,99,3,2,'AFC Asian Cup','Neutro','V'),(499,'2023-11-18',12,99,1,0,'UEFA Euro qualification','Casa','V'),(500,'2024-01-24',35,99,3,1,'AFC Asian Cup','Neutro','V'),(501,'2023-11-18',99,6,0,2,'UEFA Euro qualification','Casa','D'),(502,'2024-01-24',38,46,0,0,'African Cup of Nations','Neutro','E'),(503,'2023-11-18',16,99,1,1,'UEFA Euro qualification','Casa','E'),(504,'2024-01-24',99,47,0,0,'African Cup of Nations','Neutro','E'),(505,'2024-01-24',99,44,0,1,'African Cup of Nations','Neutro','D'),(506,'2024-01-25',36,99,0,1,'AFC Asian Cup','Neutro','D'),(507,'2024-01-25',32,99,3,3,'AFC Asian Cup','Neutro','E'),(508,'2023-11-19',99,42,0,2,'FIFA World Cup qualification','Neutro','D'),(509,'2023-11-19',99,47,1,0,'FIFA World Cup qualification','Neutro','V'),(510,'2023-11-19',99,39,0,2,'FIFA World Cup qualification','Casa','D'),(511,'2023-11-19',7,11,3,3,'UEFA Euro qualification','Casa','E'),(512,'2023-11-19',8,99,3,1,'UEFA Euro qualification','Casa','V'),(513,'2023-11-19',4,99,5,0,'UEFA Euro qualification','Casa','V'),(514,'2024-01-25',29,99,0,0,'AFC Asian Cup','Neutro','E'),(515,'2023-11-19',15,99,2,0,'UEFA Euro qualification','Casa','V'),(516,'2024-01-28',30,99,4,0,'AFC Asian Cup','Neutro','V'),(517,'2024-01-28',42,47,1,1,'African Cup of Nations','Neutro','E'),(518,'2024-01-29',34,36,2,3,'AFC Asian Cup','Neutro','D'),(519,'2024-01-29',31,99,2,1,'AFC Asian Cup','Casa','V'),(520,'2023-11-19',13,99,2,0,'UEFA Euro qualification','Casa','V'),(521,'2024-01-29',40,99,1,0,'African Cup of Nations','Neutro','V'),(522,'2023-11-19',5,99,1,2,'UEFA Euro qualification','Casa','D'),(523,'2024-01-29',41,45,1,1,'African Cup of Nations','Casa','E'),(524,'2023-11-20',28,99,3,1,'CONCACAF Nations League','Casa','V'),(525,'2023-11-20',99,24,2,1,'CONCACAF Nations League','Casa','V'),(526,'2023-11-20',99,41,0,2,'FIFA World Cup qualification','Neutro','D'),(527,'2024-01-30',29,32,1,1,'AFC Asian Cup','Neutro','E'),(528,'2024-01-30',37,99,2,1,'AFC Asian Cup','Neutro','V'),(529,'2023-11-20',99,10,1,1,'UEFA Euro qualification','Casa','E'),(530,'2023-11-20',14,99,3,0,'UEFA Euro qualification','Casa','V'),(531,'2024-01-30',44,38,0,2,'African Cup of Nations','Neutro','D'),(532,'2024-01-31',99,35,1,3,'AFC Asian Cup','Neutro','D'),(533,'2024-01-31',33,99,1,1,'AFC Asian Cup','Neutro','E'),(534,'2023-11-21',23,99,2,3,'CONCACAF Nations League','Casa','D'),(535,'2024-02-02',30,32,1,2,'AFC Asian Cup','Neutro','D'),(536,'2023-11-21',25,99,2,0,'CONCACAF Nations League','Casa','V'),(537,'2024-02-02',99,36,0,1,'AFC Asian Cup','Neutro','D'),(538,'2023-11-21',20,99,1,0,'FIFA World Cup qualification','Casa','V'),(539,'2024-02-02',47,99,3,1,'African Cup of Nations','Neutro','V'),(540,'2024-02-03',33,35,2,1,'AFC Asian Cup','Neutro','V'),(541,'2024-02-03',31,37,1,1,'AFC Asian Cup','Casa','E'),(542,'2024-02-03',40,38,0,0,'African Cup of Nations','Neutro','E'),(543,'2024-02-03',41,99,2,1,'African Cup of Nations','Casa','V'),(544,'2024-02-06',36,32,2,0,'AFC Asian Cup','Neutro','V'),(545,'2024-02-07',31,33,3,2,'AFC Asian Cup','Casa','V'),(546,'2024-03-26',45,99,1,0,'Friendly','Neutro','V'),(547,'2024-03-26',99,13,2,0,'Friendly','Casa','V'),(548,'2024-03-26',8,1,3,3,'Friendly','Casa','E'),(549,'2024-02-07',41,47,1,0,'African Cup of Nations','Casa','V'),(550,'2024-05-21',99,28,0,2,'Friendly','Casa','D'),(551,'2024-02-07',99,38,1,1,'African Cup of Nations','Neutro','E'),(552,'2024-05-21',99,22,1,1,'Friendly','Casa','E'),(553,'2024-02-10',31,36,3,1,'AFC Asian Cup','Casa','V'),(554,'2024-05-31',99,25,0,1,'Friendly','Neutro','D'),(555,'2024-02-10',38,47,0,0,'African Cup of Nations','Neutro','E'),(556,'2024-05-31',99,22,0,0,'Friendly','Casa','E'),(557,'2024-02-11',41,99,2,1,'African Cup of Nations','Casa','V'),(558,'2024-06-03',6,99,3,0,'Friendly','Casa','V'),(559,'2024-06-03',10,5,3,0,'Friendly','Casa','V'),(560,'2024-06-03',2,99,0,0,'Friendly','Casa','E'),(561,'2024-06-03',99,7,0,2,'Friendly','Neutro','D'),(562,'2024-06-04',3,99,2,1,'Friendly','Casa','V'),(563,'2024-03-21',28,25,0,3,'CONCACAF Nations League','Neutro','D'),(564,'2024-06-04',99,17,0,0,'Friendly','Casa','E'),(565,'2024-03-21',24,99,3,1,'CONCACAF Nations League','Casa','V'),(566,'2024-06-04',13,99,4,2,'Friendly','Casa','V'),(567,'2024-06-04',16,99,4,0,'Friendly','Casa','V'),(568,'2024-06-05',4,99,2,0,'Friendly','Casa','V'),(569,'2024-06-05',99,15,2,1,'Friendly','Casa','V'),(570,'2024-03-21',5,99,1,2,'UEFA Euro qualification','Casa','D'),(571,'2024-06-05',9,99,3,0,'Friendly','Casa','V'),(572,'2024-03-21',31,99,3,0,'FIFA World Cup qualification','Casa','V'),(573,'2024-06-05',25,22,0,4,'Friendly','Neutro','D'),(574,'2024-03-21',35,99,1,0,'FIFA World Cup qualification','Casa','V'),(575,'2024-06-05',11,99,3,0,'Friendly','Casa','V'),(576,'2024-03-21',32,99,1,1,'FIFA World Cup qualification','Casa','E'),(577,'2024-06-05',8,99,5,0,'Friendly','Casa','V'),(578,'2024-03-21',33,99,5,0,'FIFA World Cup qualification','Casa','V'),(579,'2024-06-05',46,99,1,0,'FIFA World Cup qualification','Casa','V'),(580,'2024-03-21',99,37,0,2,'FIFA World Cup qualification','Casa','D'),(581,'2024-06-06',12,23,4,0,'Friendly','Casa','V'),(582,'2024-06-06',42,99,2,1,'FIFA World Cup qualification','Casa','V'),(583,'2024-06-06',45,47,1,1,'FIFA World Cup qualification','Casa','E'),(584,'2024-06-06',39,99,1,2,'FIFA World Cup qualification','Casa','D'),(585,'2024-03-21',34,99,1,0,'FIFA World Cup qualification','Casa','V'),(586,'2024-06-06',99,43,1,2,'FIFA World Cup qualification','Casa','D'),(587,'2024-06-06',99,31,0,0,'FIFA World Cup qualification','Neutro','E'),(588,'2024-06-06',99,35,0,5,'FIFA World Cup qualification','Casa','D'),(589,'2024-06-06',99,32,0,7,'FIFA World Cup qualification','Casa','D'),(590,'2024-03-21',99,36,0,3,'FIFA World Cup qualification','Casa','D'),(591,'2024-06-06',37,99,3,1,'FIFA World Cup qualification','Casa','V'),(592,'2024-03-21',29,99,1,0,'FIFA World Cup qualification','Casa','V'),(593,'2024-06-06',99,33,2,4,'FIFA World Cup qualification','Casa','D'),(594,'2024-03-21',30,99,2,0,'FIFA World Cup qualification','Casa','V'),(595,'2024-06-06',99,34,0,2,'FIFA World Cup qualification','Casa','D'),(596,'2024-03-21',20,99,2,0,'Friendly','Neutro','V'),(597,'2024-06-06',36,99,3,0,'FIFA World Cup qualification','Casa','V'),(598,'2024-03-21',13,15,5,2,'Friendly','Casa','V'),(599,'2024-06-06',99,29,0,3,'FIFA World Cup qualification','Casa','D'),(600,'2024-03-22',18,99,3,0,'Friendly','Neutro','V'),(601,'2024-06-06',99,30,0,2,'FIFA World Cup qualification','Casa','D'),(602,'2024-03-22',99,17,1,0,'Friendly','Casa','V'),(603,'2024-06-06',27,99,2,1,'FIFA World Cup qualification','Neutro','V'),(604,'2024-06-06',28,99,2,0,'FIFA World Cup qualification','Casa','V'),(605,'2024-06-07',14,99,7,1,'Friendly','Neutro','V'),(606,'2024-06-07',10,99,0,1,'Friendly','Casa','D'),(607,'2024-03-22',44,99,1,0,'Friendly','Casa','V'),(608,'2024-06-07',2,99,2,1,'Friendly','Casa','V'),(609,'2024-06-07',99,21,0,0,'Friendly','Casa','E'),(610,'2024-06-07',7,99,2,2,'Friendly','Casa','E'),(611,'2024-06-07',99,38,1,1,'FIFA World Cup qualification','Casa','E'),(612,'2024-06-07',44,99,2,1,'FIFA World Cup qualification','Casa','V'),(613,'2024-03-22',12,7,4,0,'Friendly','Casa','V'),(614,'2024-03-22',99,43,2,1,'Friendly','Neutro','V'),(615,'2024-06-07',41,99,1,0,'FIFA World Cup qualification','Casa','V'),(616,'2024-03-22',11,14,1,2,'Friendly','Casa','D'),(617,'2024-06-08',4,99,3,0,'Friendly','Casa','V'),(618,'2024-03-22',45,99,3,0,'Friendly','Neutro','V'),(619,'2024-06-08',99,11,3,1,'Friendly','Casa','V'),(620,'2024-03-22',8,19,0,1,'Friendly','Neutro','D'),(621,'2024-06-08',25,1,2,3,'Friendly','Neutro','D'),(622,'2024-03-23',23,99,2,0,'Copa América qualification','Neutro','V'),(623,'2024-06-08',13,6,1,2,'Friendly','Casa','D'),(624,'2024-06-08',8,99,5,1,'Friendly','Casa','V'),(625,'2024-06-08',15,99,0,3,'Friendly','Casa','D'),(626,'2024-06-08',16,3,1,1,'Friendly','Casa','E'),(627,'2024-03-23',99,16,0,0,'Friendly','Casa','E'),(628,'2024-06-08',24,19,1,5,'Friendly','Casa','D'),(629,'2024-06-08',99,40,4,1,'FIFA World Cup qualification','Casa','V'),(630,'2024-06-09',18,20,1,0,'Friendly','Neutro','V'),(631,'2024-06-09',9,23,0,0,'Friendly','Casa','E'),(632,'2024-06-09',99,5,1,0,'Friendly','Casa','V'),(633,'2024-06-09',99,45,0,1,'FIFA World Cup qualification','Casa','D'),(634,'2024-06-09',47,99,1,0,'FIFA World Cup qualification','Casa','V'),(635,'2024-06-09',99,46,0,0,'FIFA World Cup qualification','Neutro','E'),(636,'2024-06-09',99,27,1,3,'FIFA World Cup qualification','Casa','D'),(637,'2024-06-09',99,28,1,3,'FIFA World Cup qualification','Neutro','D'),(638,'2024-03-23',10,1,0,1,'Friendly','Casa','D'),(639,'2024-06-10',14,99,2,1,'Friendly','Casa','V'),(640,'2024-03-23',9,2,0,2,'Friendly','Casa','D'),(641,'2024-06-10',12,99,4,0,'Friendly','Casa','V'),(642,'2024-03-23',41,99,2,2,'Friendly','Neutro','E'),(643,'2024-06-10',99,17,2,1,'Friendly','Casa','V'),(644,'2024-03-23',99,4,0,0,'Friendly','Casa','E'),(645,'2024-06-10',99,42,1,1,'FIFA World Cup qualification','Casa','E'),(646,'2024-03-23',99,3,0,2,'Friendly','Casa','D'),(647,'2024-06-10',99,39,1,2,'FIFA World Cup qualification','Casa','D'),(648,'2024-03-24',99,28,1,0,'CONCACAF Nations League','Neutro','V'),(649,'2024-06-10',43,99,4,3,'FIFA World Cup qualification','Casa','V'),(650,'2024-06-11',99,21,3,0,'Friendly','Casa','V'),(651,'2024-06-11',13,99,3,0,'Friendly','Casa','V'),(652,'2024-06-11',38,99,3,1,'FIFA World Cup qualification','Casa','V'),(653,'2024-06-11',40,99,1,0,'FIFA World Cup qualification','Casa','V'),(654,'2024-06-11',44,99,6,0,'FIFA World Cup qualification','Casa','V'),(655,'2024-06-11',99,41,0,0,'FIFA World Cup qualification','Neutro','E'),(656,'2024-06-11',31,99,2,1,'FIFA World Cup qualification','Casa','V'),(657,'2024-06-11',35,99,5,0,'FIFA World Cup qualification','Casa','V'),(658,'2024-03-24',24,25,2,0,'CONCACAF Nations League','Casa','V'),(659,'2024-06-11',32,99,1,0,'FIFA World Cup qualification','Casa','V'),(660,'2024-03-24',20,99,0,2,'Friendly','Neutro','D'),(661,'2024-06-11',33,37,0,0,'FIFA World Cup qualification','Casa','E'),(662,'2024-03-25',15,99,1,0,'Friendly','Casa','V'),(663,'2024-06-11',34,99,3,1,'FIFA World Cup qualification','Casa','V'),(664,'2024-03-26',99,31,1,2,'FIFA World Cup qualification','Casa','D'),(665,'2024-06-11',29,36,1,2,'FIFA World Cup qualification','Casa','D'),(666,'2024-03-26',99,32,0,3,'FIFA World Cup qualification','Casa','D'),(667,'2024-06-11',30,99,5,0,'FIFA World Cup qualification','Casa','V'),(668,'2024-06-12',20,99,3,1,'Friendly','Neutro','V'),(669,'2024-06-12',24,1,1,1,'Friendly','Casa','E'),(670,'2024-06-14',2,7,5,1,'UEFA Euro','Casa','V'),(671,'2024-06-14',18,99,4,1,'Friendly','Neutro','V'),(672,'2024-03-26',37,99,3,0,'FIFA World Cup qualification','Casa','V'),(673,'2024-06-15',99,16,1,3,'UEFA Euro','Neutro','D'),(674,'2024-03-26',99,33,0,1,'FIFA World Cup qualification','Casa','D'),(675,'2024-06-15',8,6,3,0,'UEFA Euro','Neutro','V'),(676,'2024-06-15',19,99,3,0,'Friendly','Neutro','V'),(677,'2024-06-16',20,99,2,1,'Friendly','Neutro','V'),(678,'2024-06-16',99,10,0,1,'UEFA Euro','Neutro','D'),(679,'2024-06-16',99,12,1,2,'UEFA Euro','Neutro','D'),(680,'2024-06-16',28,21,0,1,'Friendly','Casa','D'),(681,'2024-06-17',3,9,0,1,'UEFA Euro','Neutro','D'),(682,'2024-03-26',99,34,0,5,'FIFA World Cup qualification','Casa','D'),(683,'2024-06-17',4,99,0,1,'UEFA Euro','Neutro','D'),(684,'2024-03-26',99,29,1,1,'FIFA World Cup qualification','Casa','E'),(685,'2024-06-18',17,99,3,1,'UEFA Euro','Neutro','V'),(686,'2024-03-26',36,99,7,0,'FIFA World Cup qualification','Casa','V'),(687,'2024-06-18',13,14,2,1,'UEFA Euro','Neutro','V'),(688,'2024-03-26',30,99,5,0,'FIFA World Cup qualification','Casa','V'),(689,'2024-03-26',18,99,3,1,'Friendly','Neutro','V'),(690,'2024-03-26',3,17,6,1,'Friendly','Casa','V'),(691,'2024-06-18',48,99,3,0,'Oceania Nations Cup','Neutro','V'),(692,'2024-06-19',2,99,2,0,'UEFA Euro','Casa','V'),(693,'2024-03-26',19,99,3,2,'Friendly','Neutro','V'),(694,'2024-06-19',7,16,1,1,'UEFA Euro','Neutro','E'),(695,'2024-06-19',6,99,2,2,'UEFA Euro','Neutro','E'),(696,'2024-06-20',8,99,1,0,'UEFA Euro','Neutro','V'),(697,'2024-06-20',99,10,1,1,'UEFA Euro','Neutro','E'),(698,'2024-06-20',18,23,2,0,'Copa América','Neutro','V'),(699,'2024-06-21',99,3,1,3,'UEFA Euro','Neutro','D'),(700,'2024-06-21',12,9,0,0,'UEFA Euro','Neutro','E'),(701,'2024-06-21',99,48,0,4,'Oceania Nations Cup','Casa','D'),(702,'2024-06-22',4,99,2,0,'UEFA Euro','Neutro','V'),(703,'2024-06-22',99,14,1,1,'UEFA Euro','Neutro','E'),(704,'2024-06-22',17,13,0,3,'UEFA Euro','Neutro','D'),(705,'2024-06-22',20,99,1,2,'Copa América','Neutro','D'),(706,'2024-06-22',25,99,1,0,'Copa América','Neutro','V'),(707,'2024-06-23',2,16,1,1,'UEFA Euro','Casa','E'),(708,'2024-06-23',7,99,0,1,'UEFA Euro','Neutro','D'),(709,'2024-06-23',24,99,2,0,'Copa América','Casa','V'),(710,'2024-06-23',22,28,3,1,'Copa América','Neutro','V'),(711,'2024-06-24',99,8,0,1,'UEFA Euro','Neutro','D'),(712,'2024-06-24',6,99,1,1,'UEFA Euro','Neutro','E'),(713,'2024-03-26',14,99,2,1,'Friendly','Casa','V'),(714,'2024-03-26',10,4,2,2,'Friendly','Casa','E'),(715,'2024-06-24',19,21,2,1,'Copa América','Neutro','V'),(716,'2024-03-26',9,99,3,2,'Friendly','Casa','V'),(717,'2024-03-26',2,12,2,1,'Friendly','Casa','V'),(718,'2024-03-26',41,22,2,1,'Friendly','Neutro','V'),(719,'2024-03-26',44,99,0,0,'Friendly','Casa','E'),(720,'2024-03-26',11,99,1,1,'Friendly','Casa','E'),(721,'2024-03-26',99,16,0,1,'Friendly','Casa','D'),(722,'2024-06-24',1,99,0,0,'Copa América','Neutro','E'),(723,'2024-06-25',10,99,0,0,'UEFA Euro','Neutro','E'),(724,'2024-06-25',12,3,2,3,'UEFA Euro','Neutro','D'),(725,'2024-06-25',9,99,1,1,'UEFA Euro','Neutro','E'),(726,'2024-03-26',7,99,0,1,'Friendly','Casa','D'),(727,'2024-06-25',99,23,0,1,'Copa América','Neutro','D'),(728,'2024-06-25',99,18,0,1,'Copa América','Neutro','D'),(729,'2024-06-26',99,4,0,0,'UEFA Euro','Neutro','E'),(730,'2024-09-05',33,99,1,0,'FIFA World Cup qualification','Casa','V'),(731,'2024-09-05',34,99,1,0,'FIFA World Cup qualification','Casa','V'),(732,'2024-09-05',32,99,0,0,'FIFA World Cup qualification','Casa','E'),(733,'2024-09-05',36,99,1,1,'FIFA World Cup qualification','Casa','E'),(734,'2024-09-05',35,99,7,0,'FIFA World Cup qualification','Casa','V'),(735,'2024-09-05',30,99,0,1,'FIFA World Cup qualification','Casa','D'),(736,'2024-09-05',29,99,1,1,'FIFA World Cup qualification','Casa','E'),(737,'2024-09-06',44,99,4,1,'African Cup of Nations qualification','Casa','V'),(738,'2024-09-06',42,40,3,0,'African Cup of Nations qualification','Casa','V'),(739,'2024-09-06',41,99,2,0,'African Cup of Nations qualification','Casa','V'),(740,'2024-09-06',47,99,1,0,'African Cup of Nations qualification','Casa','V'),(741,'2024-09-06',38,99,2,2,'African Cup of Nations qualification','Casa','E'),(742,'2024-09-06',45,99,1,1,'African Cup of Nations qualification','Casa','E'),(743,'2024-09-06',99,27,1,4,'CONCACAF Nations League','Casa','D'),(744,'2024-09-06',4,99,3,1,'UEFA Nations League','Neutro','V'),(745,'2024-09-06',9,99,1,3,'UEFA Nations League','Casa','D'),(746,'2024-09-06',99,11,0,0,'UEFA Nations League','Casa','E'),(747,'2024-09-06',99,3,1,1,'UEFA Nations League','Casa','E'),(748,'2024-09-06',99,17,0,0,'UEFA Nations League','Casa','E'),(749,'2024-09-06',99,19,1,1,'FIFA World Cup qualification','Casa','E'),(750,'2024-09-06',22,21,0,0,'FIFA World Cup qualification','Casa','E'),(751,'2024-09-06',1,20,1,0,'FIFA World Cup qualification','Casa','V'),(752,'2024-09-07',25,48,3,0,'Friendly','Neutro','V'),(753,'2024-09-07',24,23,1,2,'Friendly','Casa','D'),(754,'2024-09-07',2,99,5,0,'UEFA Nations League','Casa','V'),(755,'2024-09-07',12,5,5,2,'UEFA Nations League','Casa','V'),(756,'2024-09-07',99,14,4,1,'UEFA Nations League','Casa','V'),(757,'2024-09-07',99,10,0,2,'UEFA Nations League','Casa','D'),(758,'2024-09-08',99,46,1,2,'African Cup of Nations qualification','Neutro','D'),(759,'2024-09-08',13,7,2,1,'UEFA Nations League','Casa','V'),(760,'2024-09-08',6,99,1,0,'UEFA Nations League','Casa','V'),(761,'2024-09-08',16,8,1,4,'UEFA Nations League','Casa','D'),(762,'2024-09-08',15,99,3,0,'UEFA Nations League','Casa','V'),(763,'2024-09-09',44,99,1,0,'African Cup of Nations qualification','Casa','V'),(764,'2024-09-09',99,43,1,1,'African Cup of Nations qualification','Neutro','E'),(765,'2024-09-09',99,47,0,2,'African Cup of Nations qualification','Neutro','D'),(766,'2024-09-09',99,45,0,1,'African Cup of Nations qualification','Neutro','D'),(767,'2024-06-26',99,13,2,0,'UEFA Euro','Neutro','V'),(768,'2024-09-09',27,99,6,0,'CONCACAF Nations League','Neutro','V'),(769,'2024-06-26',14,17,1,2,'UEFA Euro','Neutro','D'),(770,'2024-09-09',9,4,2,0,'UEFA Nations League','Casa','V'),(771,'2024-06-26',20,99,3,1,'Copa América','Neutro','V'),(772,'2024-09-09',11,3,2,1,'UEFA Nations League','Casa','V'),(773,'2024-06-26',99,25,1,0,'Copa América','Neutro','V'),(774,'2024-09-09',17,99,3,1,'UEFA Nations League','Casa','V'),(775,'2024-06-27',48,99,5,0,'Oceania Nations Cup','Neutro','V'),(776,'2024-09-10',25,23,0,0,'Friendly','Neutro','E'),(777,'2024-06-27',24,28,1,2,'Copa América','Casa','D'),(778,'2024-09-10',24,48,1,1,'Friendly','Casa','E'),(779,'2024-09-10',99,42,0,4,'African Cup of Nations qualification','Casa','D'),(780,'2024-09-10',40,99,2,0,'African Cup of Nations qualification','Casa','V'),(781,'2024-09-10',99,39,0,3,'African Cup of Nations qualification','Casa','D'),(782,'2024-09-10',99,41,0,2,'African Cup of Nations qualification','Neutro','D'),(783,'2024-09-10',99,38,2,3,'African Cup of Nations qualification','Casa','D'),(784,'2024-06-27',22,99,5,0,'Copa América','Neutro','V'),(785,'2024-09-10',99,5,0,0,'UEFA Nations League','Casa','E'),(786,'2024-06-28',19,99,3,0,'Copa América','Neutro','V'),(787,'2024-09-10',12,2,2,2,'UEFA Nations League','Casa','E'),(788,'2024-09-10',14,99,3,2,'UEFA Nations League','Casa','V'),(789,'2024-09-10',10,99,2,0,'UEFA Nations League','Casa','V'),(790,'2024-09-10',19,18,2,1,'FIFA World Cup qualification','Casa','V'),(791,'2024-06-28',21,1,1,4,'Copa América','Neutro','D'),(792,'2024-09-10',20,99,1,0,'FIFA World Cup qualification','Casa','V'),(793,'2024-06-29',16,99,2,0,'UEFA Euro','Neutro','V'),(794,'2024-09-10',99,22,0,0,'FIFA World Cup qualification','Casa','E'),(795,'2024-06-29',2,99,2,0,'UEFA Euro','Casa','V'),(796,'2024-09-10',21,1,1,0,'FIFA World Cup qualification','Casa','V'),(797,'2024-06-29',18,99,2,0,'Copa América','Neutro','V'),(798,'2024-09-10',99,31,2,2,'FIFA World Cup qualification','Neutro','E'),(799,'2024-06-29',23,99,0,0,'Copa América','Neutro','E'),(800,'2024-09-10',99,37,2,3,'FIFA World Cup qualification','Casa','D'),(801,'2024-09-10',99,33,0,1,'FIFA World Cup qualification','Casa','D'),(802,'2024-09-10',99,32,1,3,'FIFA World Cup qualification','Casa','D'),(803,'2024-09-10',99,34,0,0,'FIFA World Cup qualification','Casa','E'),(804,'2024-09-10',99,36,1,3,'FIFA World Cup qualification','Neutro','D'),(805,'2024-09-10',99,35,0,5,'FIFA World Cup qualification','Casa','D'),(806,'2024-09-10',99,30,0,0,'FIFA World Cup qualification','Casa','E'),(807,'2024-09-10',99,29,1,2,'FIFA World Cup qualification','Casa','D'),(808,'2024-06-30',10,99,2,1,'UEFA Euro','Neutro','V'),(809,'2024-10-10',40,99,0,1,'African Cup of Nations qualification','Casa','D'),(810,'2024-06-30',8,99,4,1,'UEFA Euro','Neutro','V'),(811,'2024-10-10',39,99,5,1,'African Cup of Nations qualification','Casa','V'),(812,'2024-06-30',99,48,0,3,'Oceania Nations Cup','Casa','D'),(813,'2024-10-10',43,99,0,0,'African Cup of Nations qualification','Casa','E'),(814,'2024-06-30',25,20,0,0,'Copa América','Neutro','E'),(815,'2024-10-10',47,99,1,0,'African Cup of Nations qualification','Casa','V'),(816,'2024-10-10',99,9,1,4,'UEFA Nations League','Neutro','D'),(817,'2024-10-10',99,4,2,2,'UEFA Nations League','Casa','E'),(818,'2024-10-10',10,99,1,2,'UEFA Nations League','Casa','D'),(819,'2024-10-10',3,99,4,0,'UEFA Nations League','Casa','V'),(820,'2024-10-10',11,99,3,0,'UEFA Nations League','Casa','V'),(821,'2024-07-01',9,4,1,0,'UEFA Euro','Neutro','V'),(822,'2024-10-10',99,19,1,0,'FIFA World Cup qualification','Casa','V'),(823,'2024-10-10',20,21,0,0,'FIFA World Cup qualification','Casa','E'),(824,'2024-10-10',99,18,1,1,'FIFA World Cup qualification','Casa','E'),(825,'2024-07-01',13,99,0,0,'UEFA Euro','Neutro','E'),(826,'2024-10-10',99,1,1,2,'FIFA World Cup qualification','Casa','D'),(827,'2024-07-01',24,22,0,1,'Copa América','Casa','D'),(828,'2024-10-10',31,99,3,1,'FIFA World Cup qualification','Casa','V'),(829,'2024-10-10',37,33,0,0,'FIFA World Cup qualification','Casa','E'),(830,'2024-10-10',36,32,0,2,'FIFA World Cup qualification','Casa','D'),(831,'2024-10-10',34,99,1,0,'FIFA World Cup qualification','Casa','V'),(832,'2024-10-10',30,99,3,1,'FIFA World Cup qualification','Casa','V'),(833,'2024-10-10',29,35,0,2,'FIFA World Cup qualification','Casa','D'),(834,'2023-03-23',13,99,4,0,'UEFA Euro qualification','Casa','V'),(835,'2024-07-01',99,28,1,3,'Copa América','Neutro','D'),(836,'2024-10-11',46,99,0,1,'African Cup of Nations qualification','Casa','D'),(837,'2024-07-02',99,12,0,3,'UEFA Euro','Neutro','D'),(838,'2024-10-11',42,99,2,0,'African Cup of Nations qualification','Casa','V'),(839,'2024-07-02',3,17,1,2,'UEFA Euro','Neutro','D'),(840,'2024-10-11',41,99,4,1,'African Cup of Nations qualification','Casa','V'),(841,'2024-10-11',38,99,5,0,'African Cup of Nations qualification','Casa','V'),(842,'2024-10-11',45,99,4,0,'African Cup of Nations qualification','Casa','V'),(843,'2024-07-02',1,19,1,1,'Copa América','Neutro','E'),(844,'2024-10-11',99,27,1,3,'CONCACAF Nations League','Casa','D'),(845,'2024-07-02',99,21,2,1,'Copa América','Neutro','V'),(846,'2024-10-11',5,2,1,2,'UEFA Nations League','Casa','D'),(847,'2024-07-04',18,20,1,1,'Copa América','Neutro','E'),(848,'2024-07-05',2,8,1,2,'UEFA Euro','Casa','D'),(849,'2024-07-05',13,9,0,0,'UEFA Euro','Neutro','E'),(850,'2024-07-05',99,23,1,1,'Copa América','Neutro','E'),(851,'2024-07-06',10,16,1,1,'UEFA Euro','Neutro','E'),(852,'2024-07-06',12,17,2,1,'UEFA Euro','Neutro','V'),(853,'2024-07-06',22,1,0,0,'Copa América','Neutro','E'),(854,'2024-07-06',19,28,5,0,'Copa América','Neutro','V'),(855,'2024-07-09',8,9,2,1,'UEFA Euro','Neutro','V'),(856,'2024-07-09',18,23,2,0,'Copa América','Neutro','V'),(857,'2024-07-10',12,10,1,2,'UEFA Euro','Neutro','D'),(858,'2024-07-10',22,19,0,1,'Copa América','Neutro','D'),(859,'2024-07-13',23,22,2,2,'Copa América','Neutro','E'),(860,'2024-07-14',8,10,2,1,'UEFA Euro','Neutro','V'),(861,'2024-07-14',18,19,1,0,'Copa América','Neutro','V'),(862,'2024-07-27',36,99,0,0,'Friendly','Casa','E'),(863,'2024-08-29',36,99,2,1,'Friendly','Casa','V'),(864,'2024-09-01',99,22,1,1,'Friendly','Neutro','E'),(865,'2024-09-05',46,99,1,0,'African Cup of Nations qualification','Casa','V'),(866,'2024-09-05',39,99,2,0,'African Cup of Nations qualification','Casa','V'),(867,'2024-09-05',43,99,0,1,'African Cup of Nations qualification','Casa','D'),(868,'2024-09-05',13,6,2,1,'UEFA Nations League','Casa','V'),(869,'2024-09-05',7,99,2,3,'UEFA Nations League','Casa','D'),(870,'2024-09-05',99,16,2,0,'UEFA Nations League','Casa','V'),(871,'2024-09-05',99,8,0,0,'UEFA Nations League','Casa','E'),(872,'2024-09-05',99,15,1,3,'UEFA Nations League','Casa','D'),(873,'2024-09-05',18,99,3,0,'FIFA World Cup qualification','Casa','V'),(874,'2024-09-05',31,99,1,3,'FIFA World Cup qualification','Casa','D'),(875,'2024-09-05',37,99,1,0,'FIFA World Cup qualification','Casa','V'),(876,'2024-11-15',16,99,1,1,'UEFA Nations League','Casa','E'),(877,'2024-11-15',99,27,0,8,'CONCACAF Nations League','Neutro','D'),(878,'2024-11-15',99,25,2,0,'CONCACAF Nations League','Casa','V'),(879,'2024-11-15',99,23,0,1,'CONCACAF Nations League','Casa','D'),(880,'2023-03-23',5,99,3,0,'UEFA Euro qualification','Casa','V'),(881,'2023-03-23',99,25,0,2,'CONCACAF Nations League','Casa','D'),(882,'2023-03-24',30,20,3,1,'Friendly','Casa','V'),(883,'2023-03-24',35,22,1,1,'Friendly','Casa','E'),(884,'2023-03-24',32,19,2,2,'Friendly','Casa','E'),(885,'2023-03-24',29,99,1,2,'Friendly','Casa','D'),(886,'2023-03-24',37,99,1,0,'Friendly','Neutro','V'),(887,'2023-03-24',40,99,0,0,'African Cup of Nations qualification','Casa','E'),(888,'2023-03-24',42,99,2,0,'African Cup of Nations qualification','Casa','V'),(889,'2023-03-24',41,99,3,1,'African Cup of Nations qualification','Casa','V'),(890,'2023-03-24',47,99,3,1,'African Cup of Nations qualification','Neutro','V'),(891,'2023-03-24',46,99,3,0,'African Cup of Nations qualification','Casa','V'),(892,'2023-03-24',38,99,2,2,'African Cup of Nations qualification','Casa','E'),(893,'2023-03-24',45,99,5,1,'African Cup of Nations qualification','Casa','V'),(894,'2023-03-24',9,12,4,0,'UEFA Euro qualification','Casa','V'),(895,'2023-03-24',14,99,3,1,'UEFA Euro qualification','Casa','V'),(896,'2023-03-24',3,99,4,1,'UEFA Euro qualification','Casa','V'),(897,'2023-03-24',15,4,0,3,'UEFA Euro qualification','Casa','D'),(898,'2023-03-24',99,24,1,7,'CONCACAF Nations League','Casa','D'),(899,'2023-03-25',2,99,2,0,'Friendly','Casa','V'),(900,'2023-03-25',44,1,2,1,'Friendly','Casa','V'),(901,'2023-03-25',7,99,3,0,'UEFA Euro qualification','Casa','V'),(902,'2023-03-25',8,11,3,0,'UEFA Euro qualification','Casa','V'),(903,'2023-03-25',6,99,1,1,'UEFA Euro qualification','Casa','E'),(904,'2023-03-25',99,17,1,2,'UEFA Euro qualification','Casa','D'),(905,'2023-03-25',99,16,0,5,'UEFA Euro qualification','Neutro','D'),(906,'2023-03-25',26,23,0,2,'CONCACAF Nations League','Casa','D'),(907,'2023-03-25',99,27,0,4,'CONCACAF Nations League','Casa','D'),(908,'2023-03-26',48,99,2,1,'Friendly','Casa','V'),(909,'2023-03-26',99,34,2,0,'Friendly','Casa','V'),(910,'2023-03-26',10,99,2,0,'UEFA Euro qualification','Casa','V'),(911,'2023-03-26',99,13,0,6,'UEFA Euro qualification','Casa','D'),(912,'2023-03-26',99,5,2,0,'UEFA Euro qualification','Casa','V'),(913,'2023-03-26',25,99,2,2,'CONCACAF Nations League','Casa','E'),(914,'2023-03-27',99,21,3,2,'Friendly','Casa','V'),(915,'2023-03-27',99,43,1,1,'African Cup of Nations qualification','Casa','E'),(916,'2023-03-27',99,39,0,1,'African Cup of Nations qualification','Neutro','D'),(917,'2023-03-27',99,9,0,1,'UEFA Euro qualification','Casa','D'),(918,'2023-03-27',12,99,3,0,'UEFA Euro qualification','Casa','V'),(919,'2023-03-27',99,14,0,0,'UEFA Euro qualification','Casa','E'),(920,'2023-03-27',3,99,2,1,'UEFA Euro qualification','Casa','V'),(921,'2023-03-27',15,99,5,0,'UEFA Euro qualification','Casa','V'),(922,'2023-03-27',24,99,1,0,'CONCACAF Nations League','Casa','V'),(923,'2023-03-28',18,26,7,0,'Friendly','Casa','V'),(924,'2023-03-28',30,20,1,2,'Friendly','Casa','D'),(925,'2023-03-28',2,4,2,3,'Friendly','Casa','D'),(926,'2023-03-28',33,99,2,1,'Friendly','Casa','V'),(927,'2023-03-28',35,19,1,2,'Friendly','Casa','D'),(928,'2023-03-28',36,99,4,0,'Friendly','Neutro','V'),(929,'2023-03-28',32,22,1,2,'Friendly','Casa','D'),(930,'2023-03-28',44,99,0,0,'Friendly','Neutro','E'),(931,'2023-03-28',29,99,1,2,'Friendly','Casa','D'),(932,'2023-03-28',37,99,1,1,'Friendly','Neutro','E'),(933,'2023-03-28',99,40,0,1,'African Cup of Nations qualification','Neutro','D'),(934,'2023-03-28',99,42,0,4,'African Cup of Nations qualification','Casa','D'),(935,'2023-03-28',99,41,0,2,'African Cup of Nations qualification','Casa','D'),(936,'2023-03-28',99,47,1,1,'African Cup of Nations qualification','Casa','E'),(937,'2023-03-28',99,46,0,1,'African Cup of Nations qualification','Casa','D'),(938,'2023-03-28',99,38,1,2,'African Cup of Nations qualification','Casa','D'),(939,'2023-03-28',99,45,0,1,'African Cup of Nations qualification','Casa','D'),(940,'2023-03-28',7,8,2,0,'UEFA Euro qualification','Casa','V'),(941,'2023-03-28',99,11,1,1,'UEFA Euro qualification','Casa','E'),(942,'2023-03-28',17,6,0,2,'UEFA Euro qualification','Casa','D'),(943,'2023-03-28',16,99,3,0,'UEFA Euro qualification','Casa','V'),(944,'2023-03-28',99,28,0,1,'CONCACAF Nations League','Casa','D'),(945,'2023-03-28',23,99,4,1,'CONCACAF Nations League','Casa','V'),(946,'2023-03-28',27,99,3,1,'CONCACAF Nations League','Neutro','V'),(947,'2023-04-19',24,25,1,1,'Friendly','Casa','E'),(948,'2023-06-07',25,99,2,0,'Friendly','Casa','V'),(949,'2023-06-10',25,99,2,2,'Friendly','Neutro','E'),(950,'2023-06-10',28,99,3,2,'Friendly','Casa','V'),(951,'2023-06-12',2,99,3,3,'Friendly','Casa','E'),(952,'2023-06-12',44,40,0,0,'Friendly','Casa','E'),(953,'2023-06-14',47,99,1,0,'Friendly','Neutro','V'),(954,'2023-06-14',22,99,4,1,'Friendly','Casa','V'),(955,'2023-06-14',12,6,2,4,'UEFA Nations League','Casa','D'),(956,'2023-06-14',99,42,1,2,'African Cup of Nations qualification','Neutro','D'),(957,'2023-06-15',28,23,0,2,'CONCACAF Nations League','Neutro','D'),(958,'2023-06-15',24,25,3,0,'CONCACAF Nations League','Casa','V'),(959,'2023-06-15',18,30,2,0,'Friendly','Neutro','V'),(960,'2023-06-15',99,31,1,2,'Friendly','Neutro','D'),(961,'2023-06-15',35,99,6,0,'Friendly','Casa','V'),(962,'2023-06-15',8,99,2,1,'UEFA Nations League','Neutro','V'),(963,'2023-06-16',19,34,1,0,'Friendly','Neutro','V'),(964,'2023-06-16',32,99,0,1,'Friendly','Casa','D'),(965,'2023-06-16',99,2,1,0,'Friendly','Casa','V'),(966,'2023-06-16',99,36,3,2,'Friendly','Neutro','V'),(967,'2023-06-16',15,48,4,1,'Friendly','Casa','V'),(968,'2023-06-16',99,9,0,3,'UEFA Euro qualification','Neutro','D'),(969,'2023-06-16',99,10,0,4,'UEFA Euro qualification','Casa','D'),(970,'2023-06-16',99,17,2,3,'UEFA Euro qualification','Casa','D'),(971,'2023-06-16',99,16,1,2,'UEFA Euro qualification','Casa','D'),(972,'2023-06-17',1,99,4,1,'Friendly','Neutro','V'),(973,'2023-06-17',20,99,1,0,'Friendly','Neutro','V'),(974,'2023-06-17',11,7,1,2,'UEFA Euro qualification','Casa','D'),(975,'2023-06-17',99,14,0,3,'UEFA Euro qualification','Casa','D'),(976,'2023-06-17',4,3,1,1,'UEFA Euro qualification','Casa','E'),(977,'2023-06-17',13,5,3,0,'UEFA Euro qualification','Casa','V'),(978,'2023-06-17',99,41,3,0,'African Cup of Nations qualification','Casa','V'),(979,'2023-06-17',99,46,1,0,'African Cup of Nations qualification','Casa','V'),(980,'2023-06-17',38,44,2,1,'African Cup of Nations qualification','Casa','V'),(981,'2023-06-17',99,45,1,1,'African Cup of Nations qualification','Casa','E'),(982,'2023-06-18',28,25,0,1,'CONCACAF Nations League','Neutro','D'),(983,'2023-06-18',24,23,2,0,'CONCACAF Nations League','Casa','V'),(984,'2023-06-18',42,99,3,0,'Friendly','Casa','V'),(985,'2023-06-18',21,99,2,0,'Friendly','Casa','V'),(986,'2023-06-18',12,99,2,3,'UEFA Nations League','Casa','D'),(987,'2023-06-18',6,8,0,0,'UEFA Nations League','Neutro','E'),(988,'2023-06-18',40,99,3,1,'African Cup of Nations qualification','Casa','V'),(989,'2023-06-18',99,43,0,0,'African Cup of Nations qualification','Casa','E'),(990,'2023-06-18',99,39,1,2,'African Cup of Nations qualification','Neutro','D'),(991,'2023-06-18',99,47,0,2,'African Cup of Nations qualification','Casa','D'),(992,'2023-06-19',99,18,0,2,'Friendly','Casa','D'),(993,'2023-06-19',99,36,1,2,'Friendly','Neutro','D'),(994,'2023-06-19',9,99,1,0,'UEFA Euro qualification','Casa','V'),(995,'2023-06-19',10,99,7,0,'UEFA Euro qualification','Casa','V'),(996,'2023-06-19',17,99,2,0,'UEFA Euro qualification','Casa','V'),(997,'2023-06-19',16,99,2,2,'UEFA Euro qualification','Casa','E'),(998,'2023-06-20',39,46,1,1,'Friendly','Casa','E'),(999,'2023-06-20',1,45,2,4,'Friendly','Neutro','D'),(1000,'2023-06-20',20,99,3,1,'Friendly','Neutro','V'),(1001,'2023-06-20',2,19,0,2,'Friendly','Casa','D'),(1002,'2023-06-20',27,99,0,0,'Friendly','Neutro','E'),(1003,'2023-06-20',35,99,4,1,'Friendly','Casa','V'),(1004,'2023-06-20',32,99,1,1,'Friendly','Casa','E'),(1005,'2023-06-20',99,14,1,4,'Friendly','Casa','D'),(1006,'2023-06-20',22,99,2,0,'Friendly','Casa','V'),(1007,'2023-06-20',7,99,2,0,'UEFA Euro qualification','Casa','V'),(1008,'2023-06-20',11,99,3,1,'UEFA Euro qualification','Casa','V'),(1009,'2023-06-20',3,15,2,0,'UEFA Euro qualification','Casa','V'),(1010,'2023-06-20',99,4,0,3,'UEFA Euro qualification','Casa','D'),(1011,'2023-06-20',99,13,0,1,'UEFA Euro qualification','Casa','D'),(1012,'2023-06-20',5,99,0,2,'UEFA Euro qualification','Casa','D'),(1013,'2023-06-24',24,99,1,1,'Gold Cup','Casa','E'),(1014,'2023-06-25',27,31,2,1,'Gold Cup','Neutro','V'),(1015,'2023-06-25',25,99,4,0,'Gold Cup','Neutro','V'),(1016,'2023-06-26',99,28,1,2,'Gold Cup','Neutro','D'),(1017,'2023-06-27',23,99,2,2,'Gold Cup','Casa','E'),(1018,'2023-06-28',24,99,6,0,'Gold Cup','Casa','V'),(1019,'2023-06-29',31,99,1,1,'Gold Cup','Neutro','E'),(1020,'2023-06-29',27,25,1,3,'Gold Cup','Neutro','D'),(1021,'2023-06-30',99,28,1,2,'Gold Cup','Neutro','D'),(1022,'2023-07-01',99,23,0,0,'Gold Cup','Neutro','E'),(1023,'2023-07-02',24,99,6,0,'Gold Cup','Casa','V'),(1024,'2023-07-02',99,27,2,1,'Gold Cup','Neutro','V'),(1025,'2023-07-02',25,31,0,1,'Gold Cup','Neutro','D'),(1026,'2023-07-04',28,99,2,2,'Gold Cup','Neutro','E'),(1027,'2023-07-04',23,99,4,2,'Gold Cup','Neutro','V'),(1028,'2023-07-08',28,31,4,0,'Gold Cup','Neutro','V'),(1029,'2023-07-08',25,99,2,0,'Gold Cup','Neutro','V'),(1030,'2023-07-09',24,23,2,2,'Gold Cup','Casa','E'),(1031,'2023-07-12',24,28,1,1,'Gold Cup','Casa','E'),(1032,'2023-07-12',99,25,0,3,'Gold Cup','Neutro','D'),(1033,'2023-07-16',25,28,1,0,'Gold Cup','Neutro','V'),(1034,'2023-08-27',99,28,1,2,'Friendly','Casa','D'),(1035,'2023-09-07',28,99,3,0,'CONCACAF Nations League','Casa','V'),(1036,'2023-09-07',19,99,1,0,'FIFA World Cup qualification','Casa','V'),(1037,'2023-09-07',21,99,0,0,'FIFA World Cup qualification','Casa','E'),(1038,'2023-09-07',18,20,1,0,'FIFA World Cup qualification','Casa','V'),(1039,'2023-09-07',3,99,1,1,'Friendly','Casa','E'),(1040,'2023-09-07',99,33,0,1,'Friendly','Casa','D'),(1041,'2023-09-07',11,36,6,0,'Friendly','Casa','V'),(1042,'2023-09-07',31,99,1,2,'Friendly','Casa','D'),(1043,'2023-09-07',99,32,0,0,'Friendly','Casa','E'),(1044,'2023-09-07',43,99,2,1,'African Cup of Nations qualification','Casa','V'),(1045,'2023-09-07',39,99,0,0,'African Cup of Nations qualification','Casa','E'),(1046,'2023-09-07',46,99,3,0,'African Cup of Nations qualification','Casa','V'),(1047,'2023-09-07',9,99,2,0,'UEFA Euro qualification','Casa','V'),(1048,'2023-09-07',12,99,3,0,'UEFA Euro qualification','Casa','V'),(1049,'2023-09-07',14,99,1,1,'UEFA Euro qualification','Casa','E'),(1050,'2025-06-06',38,99,0,0,'Friendly','Casa','E'),(1051,'2025-06-06',19,99,0,0,'FIFA World Cup qualification','Casa','E'),(1052,'2025-06-06',11,99,3,0,'FIFA World Cup qualification','Casa','V'),(1053,'2025-06-06',99,4,1,1,'FIFA World Cup qualification','Casa','E'),(1054,'2025-06-06',14,99,2,0,'FIFA World Cup qualification','Casa','V'),(1055,'2025-06-06',99,6,0,7,'FIFA World Cup qualification','Neutro','D'),(1056,'2025-06-07',25,16,2,4,'Friendly','Neutro','D'),(1057,'2025-06-07',24,17,1,2,'Friendly','Casa','D'),(1058,'2025-06-07',99,12,0,2,'FIFA World Cup qualification','Casa','D'),(1059,'2025-06-07',5,99,1,0,'FIFA World Cup qualification','Casa','V'),(1060,'2025-06-07',3,99,2,1,'FIFA World Cup qualification','Casa','V'),(1061,'2025-06-07',99,10,0,1,'FIFA World Cup qualification','Neutro','D'),(1062,'2025-06-07',99,27,0,5,'FIFA World Cup qualification','Casa','D'),(1063,'2025-06-07',99,28,0,2,'FIFA World Cup qualification','Casa','D'),(1064,'2025-06-08',2,9,0,2,'UEFA Nations League','Casa','D'),(1065,'2025-06-08',13,8,2,2,'UEFA Nations League','Neutro','E'),(1066,'2025-06-08',47,99,3,1,'Friendly','Neutro','V'),(1067,'2025-06-08',99,40,1,1,'Friendly','Casa','E'),(1068,'2025-06-09',39,99,2,0,'Friendly','Casa','V'),(1069,'2025-06-09',99,7,0,4,'Friendly','Casa','D'),(1070,'2025-06-09',44,99,1,0,'Friendly','Casa','V'),(1071,'2025-06-09',99,11,0,1,'FIFA World Cup qualification','Casa','D'),(1072,'2025-06-09',4,99,4,3,'FIFA World Cup qualification','Casa','V'),(1073,'2025-06-09',6,14,5,1,'FIFA World Cup qualification','Casa','V'),(1074,'2025-06-10',10,45,1,3,'Friendly','Casa','D'),(1075,'2025-06-10',25,17,1,0,'Friendly','Neutro','V'),(1076,'2025-06-10',99,5,2,1,'Friendly','Casa','V'),(1077,'2025-06-10',38,99,2,0,'Friendly','Casa','V'),(1078,'2025-06-10',15,39,4,3,'Friendly','Casa','V'),(1079,'2025-06-10',24,16,0,4,'Friendly','Casa','D'),(1080,'2025-06-10',22,99,2,0,'FIFA World Cup qualification','Casa','V'),(1081,'2025-06-10',99,20,0,0,'FIFA World Cup qualification','Casa','E'),(1082,'2025-06-10',18,19,1,1,'FIFA World Cup qualification','Casa','E'),(1083,'2025-06-10',1,21,1,0,'FIFA World Cup qualification','Casa','V'),(1084,'2025-06-10',37,31,3,0,'FIFA World Cup qualification','Casa','V'),(1085,'2025-06-10',33,99,3,0,'FIFA World Cup qualification','Casa','V'),(1086,'2025-06-10',32,99,4,0,'FIFA World Cup qualification','Casa','V'),(1087,'2025-06-10',36,34,0,1,'FIFA World Cup qualification','Casa','D'),(1088,'2025-06-10',35,99,6,0,'FIFA World Cup qualification','Casa','V'),(1089,'2025-06-10',29,30,1,2,'FIFA World Cup qualification','Casa','D'),(1090,'2025-06-10',12,99,8,0,'FIFA World Cup qualification','Casa','V'),(1091,'2025-06-10',99,3,0,4,'FIFA World Cup qualification','Casa','D'),(1092,'2025-06-10',27,26,1,5,'FIFA World Cup qualification','Neutro','D'),(1093,'2025-06-10',28,99,3,0,'FIFA World Cup qualification','Casa','V'),(1094,'2025-06-14',25,99,3,2,'Gold Cup','Neutro','V'),(1095,'2025-06-15',24,99,5,0,'Gold Cup','Casa','V'),(1096,'2025-06-15',27,29,0,1,'Gold Cup','Neutro','D'),(1097,'2025-06-16',28,99,5,2,'Gold Cup','Neutro','V'),(1098,'2025-06-17',23,99,6,0,'Gold Cup','Casa','V'),(1099,'2025-06-18',99,25,0,2,'Gold Cup','Neutro','D'),(1100,'2025-06-19',99,27,1,1,'Gold Cup','Neutro','E'),(1101,'2025-06-19',24,29,1,0,'Gold Cup','Casa','V'),(1102,'2025-06-20',99,28,0,1,'Gold Cup','Neutro','D'),(1103,'2025-06-21',26,23,1,1,'Gold Cup','Neutro','E'),(1104,'2025-06-22',25,99,0,0,'Gold Cup','Neutro','E'),(1105,'2025-06-22',29,99,1,1,'Gold Cup','Neutro','E'),(1106,'2025-06-22',24,27,2,1,'Gold Cup','Casa','V'),(1107,'2025-06-24',23,99,2,0,'Gold Cup','Neutro','V'),(1108,'2025-06-24',28,99,4,1,'Gold Cup','Neutro','V'),(1109,'2025-06-28',28,99,1,1,'Gold Cup','Neutro','E'),(1110,'2025-06-28',25,29,2,0,'Gold Cup','Neutro','V'),(1111,'2025-06-29',23,99,1,1,'Gold Cup','Neutro','E'),(1112,'2025-06-29',24,99,2,2,'Gold Cup','Casa','E'),(1113,'2025-07-02',24,99,2,1,'Gold Cup','Casa','V'),(1114,'2025-07-02',25,99,1,0,'Gold Cup','Neutro','V'),(1115,'2025-07-06',24,25,1,2,'Gold Cup','Casa','D'),(1116,'2025-08-24',31,99,2,2,'Friendly','Casa','E'),(1117,'2025-09-03',31,99,2,2,'Friendly','Casa','E'),(1118,'2025-09-04',11,99,1,0,'Friendly','Casa','V'),(1119,'2025-09-04',99,36,0,0,'Friendly','Casa','E'),(1120,'2025-09-04',29,99,2,1,'Friendly','Neutro','V'),(1121,'2025-09-04',19,99,3,0,'FIFA World Cup qualification','Casa','V'),(1122,'2025-09-04',18,99,3,0,'FIFA World Cup qualification','Casa','V'),(1123,'2025-09-04',21,20,0,0,'FIFA World Cup qualification','Casa','E'),(1124,'2025-09-04',22,99,3,0,'FIFA World Cup qualification','Casa','V'),(1125,'2025-09-04',1,99,3,0,'FIFA World Cup qualification','Casa','V'),(1126,'2025-09-04',99,40,0,2,'FIFA World Cup qualification','Casa','D'),(1127,'2025-09-04',39,99,3,1,'FIFA World Cup qualification','Casa','V'),(1128,'2025-09-04',46,99,3,0,'FIFA World Cup qualification','Casa','V'),(1129,'2025-09-04',99,43,1,1,'FIFA World Cup qualification','Casa','E'),(1130,'2025-09-04',99,2,2,0,'FIFA World Cup qualification','Casa','V'),(1131,'2025-09-04',99,17,2,3,'FIFA World Cup qualification','Casa','D'),(1132,'2025-09-04',99,8,0,3,'FIFA World Cup qualification','Casa','D'),(1133,'2025-09-04',12,99,1,1,'FIFA World Cup qualification','Casa','E'),(1134,'2025-09-04',99,4,0,6,'FIFA World Cup qualification','Casa','D'),(1135,'2025-09-04',99,28,0,0,'FIFA World Cup qualification','Casa','E'),(1136,'2025-09-05',99,23,0,3,'Friendly','Casa','D'),(1137,'2025-09-05',42,99,2,0,'FIFA World Cup qualification','Casa','V'),(1138,'2025-09-05',99,47,1,4,'FIFA World Cup qualification','Casa','D'),(1139,'2025-09-05',45,99,2,0,'FIFA World Cup qualification','Casa','V'),(1140,'2025-09-05',38,99,3,0,'FIFA World Cup qualification','Casa','V'),(1141,'2025-09-05',44,99,5,0,'FIFA World Cup qualification','Casa','V'),(1142,'2025-09-05',41,99,1,0,'FIFA World Cup qualification','Casa','V'),(1143,'2025-09-05',99,15,2,2,'FIFA World Cup qualification','Casa','E'),(1144,'2025-09-05',16,99,4,0,'FIFA World Cup qualification','Casa','V'),(1145,'2025-09-05',99,7,0,0,'FIFA World Cup qualification','Casa','E'),(1146,'2025-09-05',99,9,0,2,'FIFA World Cup qualification','Neutro','D'),(1147,'2025-09-05',99,6,0,1,'FIFA World Cup qualification','Casa','D'),(1148,'2025-09-05',99,14,0,2,'FIFA World Cup qualification','Casa','D'),(1149,'2025-09-05',27,99,0,0,'FIFA World Cup qualification','Neutro','E'),(1150,'2025-09-06',25,35,0,0,'Friendly','Neutro','E'),(1151,'2025-09-06',24,32,0,2,'Friendly','Casa','D'),(1152,'2025-09-06',99,13,0,5,'FIFA World Cup qualification','Casa','D'),(1153,'2025-09-06',3,99,1,0,'FIFA World Cup qualification','Casa','V'),(1154,'2025-09-06',99,5,0,6,'FIFA World Cup qualification','Casa','D'),(1155,'2025-09-06',10,99,2,0,'FIFA World Cup qualification','Casa','V'),(1156,'2025-09-07',2,99,3,1,'FIFA World Cup qualification','Casa','V'),(1157,'2025-09-07',17,8,0,6,'FIFA World Cup qualification','Casa','D'),(1158,'2025-09-07',99,12,2,3,'FIFA World Cup qualification','Casa','D'),(1159,'2025-09-07',4,99,6,0,'FIFA World Cup qualification','Casa','V'),(1160,'2025-09-07',31,99,1,4,'Friendly','Casa','D'),(1161,'2025-09-08',14,29,1,1,'Friendly','Casa','E'),(1162,'2025-09-08',99,44,0,2,'FIFA World Cup qualification','Casa','D'),(1163,'2025-09-08',99,39,0,0,'FIFA World Cup qualification','Neutro','E'),(1164,'2025-09-08',99,46,0,1,'FIFA World Cup qualification','Casa','D'),(1165,'2025-09-08',43,99,1,0,'FIFA World Cup qualification','Casa','V'),(1166,'2025-09-08',99,15,2,0,'FIFA World Cup qualification','Casa','V'),(1167,'2025-09-08',16,99,3,0,'FIFA World Cup qualification','Casa','V'),(1168,'2025-09-08',99,7,0,2,'FIFA World Cup qualification','Neutro','D'),(1169,'2025-09-08',6,99,4,0,'FIFA World Cup qualification','Casa','V'),(1170,'2025-09-08',28,99,1,1,'FIFA World Cup qualification','Casa','E'),(1171,'2025-09-09',36,99,3,0,'Friendly','Casa','V'),(1172,'2025-09-09',25,32,2,2,'Friendly','Neutro','E'),(1173,'2025-09-09',24,35,2,0,'Friendly','Casa','V'),(1174,'2025-09-09',99,23,0,1,'Friendly','Casa','D'),(1175,'2025-09-09',20,18,1,0,'FIFA World Cup qualification','Casa','V'),(1176,'2025-09-09',99,21,0,1,'FIFA World Cup qualification','Casa','D'),(1177,'2025-09-09',99,1,1,0,'FIFA World Cup qualification','Casa','V'),(1178,'2025-09-09',99,19,3,6,'FIFA World Cup qualification','Casa','D'),(1179,'2025-09-09',99,22,0,0,'FIFA World Cup qualification','Casa','E'),(1180,'2025-09-09',99,42,0,0,'FIFA World Cup qualification','Casa','E'),(1181,'2025-09-09',47,45,2,3,'FIFA World Cup qualification','Casa','D'),(1182,'2025-09-09',38,99,1,1,'FIFA World Cup qualification','Casa','E'),(1183,'2025-09-09',40,99,1,0,'FIFA World Cup qualification','Casa','V'),(1184,'2025-09-09',99,41,0,0,'FIFA World Cup qualification','Casa','E'),(1185,'2025-09-09',9,99,2,1,'FIFA World Cup qualification','Casa','V'),(1186,'2025-09-09',99,13,2,3,'FIFA World Cup qualification','Casa','D'),(1187,'2025-09-09',5,3,1,2,'FIFA World Cup qualification','Casa','D'),(1188,'2025-09-09',11,99,11,1,'FIFA World Cup qualification','Casa','V'),(1189,'2025-09-09',99,10,0,5,'FIFA World Cup qualification','Casa','D'),(1190,'2025-09-09',99,27,3,3,'FIFA World Cup qualification','Casa','E'),(1191,'2025-10-08',31,99,0,0,'FIFA World Cup qualification','Casa','E'),(1192,'2025-10-08',29,99,3,2,'FIFA World Cup qualification','Casa','V'),(1193,'2025-10-08',99,42,0,3,'FIFA World Cup qualification','Neutro','D'),(1194,'2025-10-08',99,40,3,3,'FIFA World Cup qualification','Casa','E'),(1195,'2025-10-08',99,43,0,5,'FIFA World Cup qualification','Neutro','D'),(1196,'2025-10-09',10,99,3,0,'Friendly','Casa','V'),(1197,'2025-10-09',99,48,1,0,'Friendly','Casa','V'),(1198,'2025-10-09',44,99,1,0,'Friendly','Casa','V'),(1199,'2025-10-09',39,99,3,0,'FIFA World Cup qualification','Casa','V'),(1200,'2025-10-09',7,99,3,1,'FIFA World Cup qualification','Casa','V'),(1201,'2025-10-09',99,12,0,4,'FIFA World Cup qualification','Casa','D'),(1202,'2025-10-09',3,99,10,0,'FIFA World Cup qualification','Casa','V'),(1203,'2025-10-09',99,5,2,2,'FIFA World Cup qualification','Casa','E'),(1204,'2025-10-09',14,6,0,0,'FIFA World Cup qualification','Casa','E'),(1205,'2025-10-09',99,27,0,3,'FIFA World Cup qualification','Casa','D'),(1206,'2025-10-10',18,99,1,0,'Friendly','Neutro','V'),(1207,'2025-10-10',23,30,0,1,'Friendly','Casa','D'),(1208,'2025-10-10',99,33,2,1,'Friendly','Casa','V'),(1209,'2025-10-10',37,99,2,0,'Friendly','Casa','V'),(1210,'2025-10-10',36,99,0,1,'Friendly','Neutro','D'),(1211,'2025-10-10',32,1,0,5,'Friendly','Casa','D'),(1212,'2025-10-10',22,99,1,0,'Friendly','Neutro','V'),(1213,'2025-10-10',24,20,1,1,'Friendly','Casa','E'),(1214,'2025-10-10',99,47,0,1,'FIFA World Cup qualification','Casa','D'),(1215,'2025-10-10',99,45,0,5,'FIFA World Cup qualification','Casa','D'),(1216,'2025-10-10',38,99,0,0,'FIFA World Cup qualification','Casa','E'),(1217,'2025-10-10',99,41,0,7,'FIFA World Cup qualification','Neutro','D'),(1218,'2025-10-10',46,99,6,0,'FIFA World Cup qualification','Casa','V'),(1219,'2022-06-14',99,4,0,1,'UEFA Nations League','Casa','D'),(1220,'2025-10-10',2,99,4,0,'FIFA World Cup qualification','Casa','V'),(1221,'2025-10-10',15,16,0,2,'FIFA World Cup qualification','Casa','D'),(1222,'2025-10-10',9,99,3,0,'FIFA World Cup qualification','Casa','V'),(1223,'2025-10-10',4,99,0,0,'FIFA World Cup qualification','Casa','E'),(1224,'2025-10-10',99,28,0,1,'FIFA World Cup qualification','Casa','D'),(1225,'2025-10-11',25,19,0,4,'Friendly','Neutro','D'),(1226,'2025-10-11',34,99,1,0,'FIFA World Cup qualification','Neutro','V'),(1227,'2025-10-11',8,99,2,0,'FIFA World Cup qualification','Casa','V'),(1228,'2025-10-11',99,17,1,6,'FIFA World Cup qualification','Casa','D'),(1229,'2025-10-11',13,99,1,0,'FIFA World Cup qualification','Casa','V'),(1230,'2025-10-11',11,99,5,0,'FIFA World Cup qualification','Casa','V'),(1231,'2025-10-12',99,5,1,4,'Friendly','Casa','D'),(1232,'2025-10-12',42,99,1,0,'FIFA World Cup qualification','Casa','V'),(1233,'2025-10-12',43,99,1,0,'FIFA World Cup qualification','Casa','V'),(1234,'2025-10-12',7,99,2,1,'FIFA World Cup qualification','Casa','V'),(1235,'2025-10-12',12,99,4,0,'FIFA World Cup qualification','Casa','V'),(1236,'2025-10-12',99,3,1,0,'FIFA World Cup qualification','Casa','V'),(1237,'2025-10-12',99,14,2,1,'FIFA World Cup qualification','Casa','V'),(1238,'2025-10-12',6,99,3,0,'FIFA World Cup qualification','Casa','V'),(1239,'2025-10-13',37,22,1,2,'Friendly','Neutro','D'),(1240,'2025-10-13',40,99,3,0,'FIFA World Cup qualification','Casa','V'),(1241,'2025-10-13',46,99,3,0,'FIFA World Cup qualification','Casa','V'),(1242,'2025-10-13',99,2,0,1,'FIFA World Cup qualification','Casa','D'),(1243,'2025-10-13',99,16,0,0,'FIFA World Cup qualification','Casa','E'),(1244,'2025-10-13',15,99,0,1,'FIFA World Cup qualification','Casa','D'),(1245,'2025-10-13',99,9,2,2,'FIFA World Cup qualification','Casa','E'),(1246,'2025-10-13',99,4,2,4,'FIFA World Cup qualification','Casa','D'),(1247,'2025-10-13',99,27,3,0,'FIFA World Cup qualification','Casa','V'),(1248,'2025-10-14',99,36,4,2,'Friendly','Casa','V'),(1249,'2025-10-14',33,99,2,0,'Friendly','Neutro','V'),(1250,'2025-10-14',23,19,0,0,'Friendly','Neutro','E'),(1251,'2025-10-14',32,21,2,0,'Friendly','Casa','V'),(1252,'2025-10-14',25,20,1,1,'Friendly','Casa','E'),(1253,'2025-10-14',11,48,1,1,'Friendly','Casa','E'),(1254,'2025-10-14',99,18,0,6,'Friendly','Neutro','D'),(1255,'2025-10-14',24,30,2,1,'Friendly','Casa','V'),(1256,'2025-10-14',31,99,2,1,'FIFA World Cup qualification','Casa','V'),(1257,'2025-10-14',29,34,0,0,'FIFA World Cup qualification','Casa','E'),(1258,'2025-10-14',45,99,4,0,'FIFA World Cup qualification','Casa','V'),(1259,'2025-10-14',47,99,1,0,'FIFA World Cup qualification','Casa','V'),(1260,'2025-10-14',38,99,3,0,'FIFA World Cup qualification','Casa','V'),(1261,'2025-10-14',44,99,1,0,'FIFA World Cup qualification','Casa','V'),(1262,'2025-10-14',41,99,3,0,'FIFA World Cup qualification','Casa','V'),(1263,'2025-10-14',39,99,2,1,'FIFA World Cup qualification','Casa','V'),(1264,'2025-10-14',8,99,4,0,'FIFA World Cup qualification','Casa','V'),(1265,'2025-10-14',17,99,4,1,'FIFA World Cup qualification','Casa','V'),(1266,'2025-10-14',13,99,2,2,'FIFA World Cup qualification','Casa','E'),(1267,'2025-10-14',99,10,0,5,'FIFA World Cup qualification','Casa','D'),(1268,'2025-10-14',28,99,1,1,'FIFA World Cup qualification','Casa','E'),(1269,'2025-11-12',46,99,1,1,'Friendly','Casa','E'),(1270,'2025-11-13',39,99,3,1,'Friendly','Neutro','V'),(1271,'2025-11-13',23,20,0,0,'Friendly','Casa','E'),(1272,'2025-11-13',14,99,1,0,'Friendly','Casa','V'),(1273,'2025-11-13',99,34,1,1,'FIFA World Cup qualification','Casa','E'),(1274,'2025-11-13',99,47,0,1,'FIFA World Cup qualification','Neutro','D'),(1275,'2025-11-13',9,99,4,0,'FIFA World Cup qualification','Casa','V'),(1276,'2025-11-13',99,13,2,0,'FIFA World Cup qualification','Casa','V'),(1277,'2025-11-13',11,99,4,1,'FIFA World Cup qualification','Casa','V'),(1278,'2025-11-13',10,99,2,0,'FIFA World Cup qualification','Casa','V'),(1279,'2025-11-13',99,28,2,3,'FIFA World Cup qualification','Casa','D'),(1280,'2025-11-13',27,99,1,0,'FIFA World Cup qualification','Neutro','V'),(1281,'2025-11-14',99,18,0,2,'Friendly','Casa','D'),(1282,'2025-11-14',30,99,0,1,'Friendly','Neutro','D'),(1283,'2025-11-14',32,99,2,0,'Friendly','Casa','V'),(1284,'2025-11-14',44,99,1,0,'Friendly','Casa','V'),(1285,'2025-11-14',29,41,1,0,'Friendly','Casa','V'),(1286,'2025-11-14',46,36,3,2,'Friendly','Casa','V'),(1287,'2025-11-14',99,2,0,2,'FIFA World Cup qualification','Casa','D'),(1288,'2025-11-14',99,12,1,1,'FIFA World Cup qualification','Casa','E'),(1289,'2025-11-14',6,99,3,1,'FIFA World Cup qualification','Casa','V'),(1290,'2025-11-15',1,45,2,0,'Friendly','Neutro','V'),(1291,'2025-11-15',19,48,2,1,'Friendly','Neutro','V'),(1292,'2025-11-15',25,22,0,0,'Friendly','Casa','E'),(1293,'2025-11-15',38,99,3,1,'Friendly','Casa','V'),(1294,'2025-11-15',24,21,2,1,'Friendly','Casa','V'),(1295,'2025-11-15',16,15,4,1,'FIFA World Cup qualification','Casa','V'),(1296,'2025-11-15',99,7,3,2,'FIFA World Cup qualification','Casa','V'),(1297,'2025-11-15',17,99,2,0,'FIFA World Cup qualification','Casa','V'),(1298,'2025-11-15',99,8,0,4,'FIFA World Cup qualification','Casa','D'),(1299,'2025-11-15',99,3,0,2,'FIFA World Cup qualification','Casa','D'),(1300,'2025-11-15',5,99,3,1,'FIFA World Cup qualification','Casa','V'),(1301,'2025-11-15',99,4,1,1,'FIFA World Cup qualification','Casa','E'),(1302,'2025-11-16',99,47,1,1,'FIFA World Cup qualification','Neutro','E'),(1303,'2025-11-16',99,9,1,3,'FIFA World Cup qualification','Casa','D'),(1304,'2025-11-16',13,99,9,1,'FIFA World Cup qualification','Casa','V'),(1305,'2025-11-16',99,11,1,4,'FIFA World Cup qualification','Casa','D'),(1306,'2025-11-16',99,10,0,2,'FIFA World Cup qualification','Casa','D'),(1307,'2025-11-17',31,99,1,2,'Friendly','Casa','D'),(1308,'2025-11-17',2,99,6,0,'FIFA World Cup qualification','Casa','V'),(1309,'2025-11-17',12,99,4,0,'FIFA World Cup qualification','Casa','V'),(1310,'2025-11-17',14,99,6,0,'FIFA World Cup qualification','Casa','V'),(1311,'2025-11-17',99,6,2,3,'FIFA World Cup qualification','Casa','D'),(1312,'2025-11-18',44,99,4,0,'Friendly','Casa','V'),(1313,'2025-11-18',99,41,0,2,'Friendly','Casa','D'),(1314,'2022-06-14',99,7,1,4,'UEFA Nations League','Casa','D'),(1315,'2022-06-14',5,99,3,2,'UEFA Nations League','Casa','V'),(1316,'2024-11-15',22,19,3,2,'FIFA World Cup qualification','Casa','V'),(1317,'2024-11-15',48,99,8,1,'FIFA World Cup qualification','Casa','V'),(1318,'2024-11-15',99,35,0,4,'FIFA World Cup qualification','Casa','D'),(1319,'2024-11-15',99,44,1,5,'African Cup of Nations qualification','Casa','D'),(1320,'2024-11-15',40,42,1,1,'African Cup of Nations qualification','Casa','E'),(1321,'2024-11-15',99,43,1,1,'African Cup of Nations qualification','Casa','E'),(1322,'2024-11-15',99,41,1,0,'African Cup of Nations qualification','Casa','V'),(1323,'2024-11-15',99,38,0,2,'African Cup of Nations qualification','Casa','D'),(1324,'2024-11-16',2,5,7,0,'UEFA Nations League','Casa','V'),(1325,'2024-11-16',12,99,4,0,'UEFA Nations League','Casa','V'),(1326,'2024-11-16',99,14,0,0,'UEFA Nations League','Casa','E'),(1327,'2024-11-16',17,99,0,0,'UEFA Nations League','Casa','E'),(1328,'2024-11-16',15,99,2,1,'UEFA Nations League','Casa','V'),(1329,'2024-11-16',99,47,1,0,'African Cup of Nations qualification','Neutro','V'),(1330,'2024-11-17',99,4,1,0,'UEFA Nations League','Neutro','V'),(1331,'2024-11-17',99,9,1,3,'UEFA Nations League','Casa','D'),(1332,'2024-11-17',10,99,5,0,'UEFA Nations League','Casa','V'),(1333,'2024-11-17',11,99,5,0,'UEFA Nations League','Casa','V'),(1334,'2024-11-17',3,99,1,1,'UEFA Nations League','Casa','E'),(1335,'2024-11-17',39,99,5,1,'African Cup of Nations qualification','Casa','V'),(1336,'2024-11-18',6,13,1,1,'UEFA Nations League','Casa','E'),(1337,'2024-11-18',99,7,1,2,'UEFA Nations League','Casa','D'),(1338,'2024-11-18',8,16,3,2,'UEFA Nations League','Casa','V'),(1339,'2024-11-18',99,27,0,3,'CONCACAF Nations League','Casa','D'),(1340,'2024-11-18',28,99,2,2,'CONCACAF Nations League','Casa','E'),(1341,'2024-11-18',24,99,4,2,'CONCACAF Nations League','Casa','V'),(1342,'2024-11-18',48,99,8,0,'FIFA World Cup qualification','Casa','V'),(1343,'2024-11-18',46,99,0,1,'African Cup of Nations qualification','Casa','D'),(1344,'2024-11-18',44,99,7,0,'African Cup of Nations qualification','Casa','V'),(1345,'2024-11-18',43,99,1,2,'African Cup of Nations qualification','Casa','D'),(1346,'2024-11-19',5,12,1,1,'UEFA Nations League','Casa','E'),(1347,'2024-11-19',99,2,1,1,'UEFA Nations League','Casa','E'),(1348,'2024-11-19',14,99,2,1,'UEFA Nations League','Casa','V'),(1349,'2024-11-19',99,17,3,1,'UEFA Nations League','Casa','V'),(1350,'2024-11-19',15,99,6,0,'UEFA Nations League','Casa','V'),(1351,'2024-11-19',23,99,3,0,'CONCACAF Nations League','Casa','V'),(1352,'2024-11-19',25,99,4,0,'CONCACAF Nations League','Casa','V'),(1353,'2024-11-19',99,21,2,2,'FIFA World Cup qualification','Casa','E'),(1354,'2024-11-19',19,20,0,1,'FIFA World Cup qualification','Casa','D'),(1355,'2024-11-19',18,99,1,0,'FIFA World Cup qualification','Casa','V'),(1356,'2024-11-19',1,22,1,1,'FIFA World Cup qualification','Casa','E'),(1357,'2024-11-19',99,37,0,1,'FIFA World Cup qualification','Neutro','D'),(1358,'2024-11-19',99,33,2,3,'FIFA World Cup qualification','Casa','D'),(1359,'2024-11-19',99,31,5,0,'FIFA World Cup qualification','Casa','V'),(1360,'2024-11-19',99,32,1,1,'FIFA World Cup qualification','Neutro','E'),(1361,'2024-11-19',99,34,0,1,'FIFA World Cup qualification','Casa','D'),(1362,'2024-11-19',99,36,1,1,'FIFA World Cup qualification','Casa','E'),(1363,'2024-11-19',99,30,2,2,'FIFA World Cup qualification','Casa','E'),(1364,'2024-11-19',99,29,2,0,'FIFA World Cup qualification','Casa','V'),(1365,'2024-11-19',99,35,1,3,'FIFA World Cup qualification','Casa','D'),(1366,'2024-11-19',42,99,1,1,'African Cup of Nations qualification','Casa','E'),(1367,'2024-11-19',99,40,1,0,'African Cup of Nations qualification','Casa','V'),(1368,'2024-11-19',41,99,4,0,'African Cup of Nations qualification','Casa','V'),(1369,'2024-11-19',47,99,1,2,'African Cup of Nations qualification','Casa','D'),(1370,'2024-11-19',38,99,3,0,'African Cup of Nations qualification','Casa','V'),(1371,'2024-11-19',45,99,2,0,'African Cup of Nations qualification','Casa','V'),(1372,'2025-01-18',24,99,3,1,'Friendly','Casa','V'),(1373,'2025-01-22',24,99,3,0,'Friendly','Casa','V'),(1374,'2025-01-22',37,36,0,0,'Friendly','Neutro','E'),(1375,'2025-02-08',99,28,6,1,'Friendly','Casa','V'),(1376,'2025-03-14',36,99,1,1,'Friendly','Casa','E'),(1377,'2025-03-19',99,46,0,1,'FIFA World Cup qualification','Casa','D'),(1378,'2025-03-20',23,25,0,2,'CONCACAF Nations League','Neutro','D'),(1379,'2025-03-20',24,28,0,1,'CONCACAF Nations League','Casa','D'),(1380,'2025-03-20',6,9,2,0,'UEFA Nations League','Casa','V'),(1381,'2025-03-20',99,13,1,0,'UEFA Nations League','Casa','V'),(1382,'2025-03-20',99,2,1,2,'UEFA Nations League','Casa','D'),(1383,'2025-03-20',12,8,2,2,'UEFA Nations League','Casa','E'),(1384,'2025-03-20',3,99,1,1,'UEFA Nations League','Casa','E'),(1385,'2025-03-20',99,7,0,1,'UEFA Nations League','Casa','D'),(1386,'2025-03-20',17,99,3,1,'UEFA Nations League','Casa','V'),(1387,'2025-03-20',99,4,3,1,'UEFA Nations League','Neutro','V'),(1388,'2025-03-20',21,99,1,0,'FIFA World Cup qualification','Casa','V'),(1389,'2025-03-20',1,19,2,1,'FIFA World Cup qualification','Casa','V'),(1390,'2025-03-20',33,99,2,0,'FIFA World Cup qualification','Casa','V'),(1391,'2025-03-20',37,99,1,0,'FIFA World Cup qualification','Casa','V'),(1392,'2025-03-20',31,99,5,1,'FIFA World Cup qualification','Casa','V'),(1393,'2025-03-20',32,99,1,1,'FIFA World Cup qualification','Casa','E'),(1394,'2025-03-20',34,99,2,2,'FIFA World Cup qualification','Casa','E'),(1395,'2025-03-20',36,99,3,1,'FIFA World Cup qualification','Casa','V'),(1396,'2025-03-20',35,99,2,0,'FIFA World Cup qualification','Casa','V'),(1397,'2025-03-20',30,99,5,1,'FIFA World Cup qualification','Casa','V'),(1398,'2025-03-20',29,99,1,0,'FIFA World Cup qualification','Casa','V'),(1399,'2025-03-20',40,99,1,0,'FIFA World Cup qualification','Casa','V'),(1400,'2025-03-21',99,16,1,1,'Friendly','Casa','E'),(1401,'2025-03-21',20,99,2,1,'FIFA World Cup qualification','Casa','V'),(1402,'2025-03-21',22,18,0,1,'FIFA World Cup qualification','Casa','D'),(1403,'2025-03-21',48,99,7,0,'FIFA World Cup qualification','Casa','V'),(1404,'2025-03-21',99,42,0,2,'FIFA World Cup qualification','Neutro','D'),(1405,'2025-03-21',47,99,1,0,'FIFA World Cup qualification','Casa','V'),(1406,'2025-03-21',38,99,0,3,'FIFA World Cup qualification','Casa','D'),(1407,'2025-03-21',44,99,2,1,'FIFA World Cup qualification','Casa','V'),(1408,'2025-03-21',99,41,0,1,'FIFA World Cup qualification','Neutro','D'),(1409,'2025-03-21',99,39,1,3,'FIFA World Cup qualification','Casa','D'),(1410,'2025-03-21',43,99,5,0,'FIFA World Cup qualification','Casa','V'),(1411,'2025-03-21',99,5,0,1,'FIFA World Cup qualification','Casa','D'),(1412,'2025-03-21',10,99,2,0,'FIFA World Cup qualification','Casa','V'),(1413,'2025-03-22',99,27,0,3,'Friendly','Casa','D'),(1414,'2025-03-22',99,15,1,0,'Friendly','Casa','V'),(1415,'2025-03-22',99,45,0,0,'FIFA World Cup qualification','Neutro','E'),(1416,'2025-03-22',99,11,0,5,'FIFA World Cup qualification','Casa','D'),(1417,'2025-03-22',14,99,2,1,'FIFA World Cup qualification','Casa','V'),(1418,'2025-03-23',24,23,1,2,'CONCACAF Nations League','Casa','D'),(1419,'2025-03-23',28,25,1,2,'CONCACAF Nations League','Neutro','D'),(1420,'2025-03-23',9,6,2,0,'UEFA Nations League','Casa','V'),(1421,'2025-03-23',2,99,3,3,'UEFA Nations League','Casa','E'),(1422,'2025-03-23',13,99,5,2,'UEFA Nations League','Casa','V'),(1423,'2025-03-23',8,12,3,3,'UEFA Nations League','Casa','E'),(1424,'2025-03-23',4,99,3,0,'UEFA Nations League','Casa','V'),(1425,'2025-03-23',99,17,0,3,'UEFA Nations League','Casa','D'),(1426,'2025-03-23',7,99,0,3,'UEFA Nations League','Casa','D'),(1427,'2025-03-23',99,3,2,0,'UEFA Nations League','Casa','V'),(1428,'2025-03-24',48,99,3,0,'FIFA World Cup qualification','Casa','V'),(1429,'2025-03-24',41,99,1,0,'FIFA World Cup qualification','Casa','V'),(1430,'2025-03-24',46,99,2,0,'FIFA World Cup qualification','Casa','V'),(1431,'2025-03-24',99,43,0,3,'FIFA World Cup qualification','Neutro','D'),(1432,'2025-03-24',5,99,2,1,'FIFA World Cup qualification','Casa','V'),(1433,'2025-03-24',10,99,3,0,'FIFA World Cup qualification','Casa','V'),(1434,'2025-03-25',15,99,5,1,'Friendly','Casa','V'),(1435,'2025-03-25',16,99,3,1,'Friendly','Casa','V'),(1436,'2025-03-25',99,22,0,0,'FIFA World Cup qualification','Casa','E'),(1437,'2025-03-25',19,21,2,2,'FIFA World Cup qualification','Casa','E'),(1438,'2025-03-25',18,1,4,1,'FIFA World Cup qualification','Casa','V'),(1439,'2025-03-25',99,20,0,0,'FIFA World Cup qualification','Casa','E'),(1440,'2025-03-25',33,37,2,2,'FIFA World Cup qualification','Casa','E'),(1441,'2025-03-25',99,31,3,1,'FIFA World Cup qualification','Casa','V'),(1442,'2025-03-25',32,36,1,1,'FIFA World Cup qualification','Casa','E'),(1443,'2025-03-25',99,34,2,1,'FIFA World Cup qualification','Neutro','V'),(1444,'2025-03-25',99,30,0,2,'FIFA World Cup qualification','Casa','D'),(1445,'2025-03-25',35,29,0,0,'FIFA World Cup qualification','Casa','E'),(1446,'2025-03-25',42,99,1,0,'FIFA World Cup qualification','Casa','V'),(1447,'2025-03-25',99,47,0,2,'FIFA World Cup qualification','Casa','D'),(1448,'2025-03-25',45,99,2,0,'FIFA World Cup qualification','Casa','V'),(1449,'2025-03-25',99,38,0,2,'FIFA World Cup qualification','Neutro','D'),(1450,'2025-03-25',99,40,1,2,'FIFA World Cup qualification','Casa','D'),(1451,'2025-03-25',44,99,2,0,'FIFA World Cup qualification','Casa','V'),(1452,'2025-03-25',39,99,5,1,'FIFA World Cup qualification','Casa','V'),(1453,'2025-03-25',99,11,2,4,'FIFA World Cup qualification','Neutro','D'),(1454,'2025-03-25',99,14,0,4,'FIFA World Cup qualification','Neutro','D'),(1455,'2025-05-29',99,40,1,1,'Friendly','Casa','E'),(1456,'2025-05-30',29,36,2,0,'Friendly','Casa','V'),(1457,'2025-06-02',46,99,2,0,'Friendly','Casa','V'),(1458,'2025-06-03',99,40,0,3,'Friendly','Casa','D'),(1459,'2025-06-04',2,13,1,2,'UEFA Nations League','Casa','D'),(1460,'2025-06-05',8,9,5,4,'UEFA Nations League','Neutro','V'),(1461,'2025-06-05',39,99,2,0,'Friendly','Casa','V'),(1462,'2025-06-05',47,99,1,0,'Friendly','Neutro','V'),(1463,'2024-10-11',99,12,1,1,'UEFA Nations League','Casa','E'),(1464,'2025-06-05',20,1,0,0,'FIFA World Cup qualification','Casa','E'),(1465,'2025-06-05',21,22,2,0,'FIFA World Cup qualification','Casa','V'),(1466,'2024-10-11',14,99,2,0,'UEFA Nations League','Casa','V'),(1467,'2025-06-05',99,18,0,1,'FIFA World Cup qualification','Casa','D'),(1468,'2025-06-05',99,37,0,0,'FIFA World Cup qualification','Casa','E'),(1469,'2024-10-11',17,99,1,0,'UEFA Nations League','Casa','V'),(1470,'2025-06-05',31,33,1,0,'FIFA World Cup qualification','Casa','V'),(1471,'2024-10-11',99,15,2,2,'UEFA Nations League','Casa','E'),(1472,'2025-06-05',99,36,0,3,'FIFA World Cup qualification','Casa','D'),(1473,'2024-10-11',99,22,1,0,'FIFA World Cup qualification','Casa','V'),(1474,'2025-06-05',34,32,0,2,'FIFA World Cup qualification','Casa','D'),(1475,'2024-10-11',48,99,3,0,'FIFA World Cup qualification','Neutro','V'),(1476,'2025-06-05',99,29,0,2,'FIFA World Cup qualification','Casa','D'),(1477,'2025-06-05',30,35,1,0,'FIFA World Cup qualification','Casa','V'),(1478,'2024-10-12',24,28,2,0,'Friendly','Casa','V'),(1479,'2025-06-06',99,15,0,2,'Friendly','Casa','D'),(1480,'2024-10-12',44,99,5,0,'African Cup of Nations qualification','Casa','V'),(1481,'2025-06-06',44,46,2,0,'Friendly','Casa','V'),(1482,'2024-10-12',6,7,2,1,'UEFA Nations League','Casa','V'),(1483,'2025-06-06',99,45,1,1,'Friendly','Casa','E'),(1484,'2024-10-12',99,13,1,3,'UEFA Nations League','Casa','D'),(1485,'2025-06-06',7,99,1,3,'Friendly','Casa','D'),(1486,'2024-10-12',99,16,2,0,'UEFA Nations League','Casa','V'),(1487,'2024-10-12',8,99,1,0,'UEFA Nations League','Casa','V'),(1488,'2024-10-13',99,10,1,3,'UEFA Nations League','Casa','D'),(1489,'2024-10-13',3,11,5,1,'UEFA Nations League','Casa','V'),(1490,'2024-10-14',48,99,4,0,'Friendly','Casa','V'),(1491,'2024-10-14',99,39,0,1,'African Cup of Nations qualification','Casa','D'),(1492,'2024-10-14',99,27,3,5,'CONCACAF Nations League','Casa','D'),(1493,'2024-10-14',4,9,1,2,'UEFA Nations League','Casa','D'),(1494,'2024-10-14',5,99,0,2,'UEFA Nations League','Casa','D'),(1495,'2024-10-14',2,12,1,0,'UEFA Nations League','Casa','V'),(1496,'2024-10-14',99,14,1,1,'UEFA Nations League','Neutro','E'),(1497,'2024-10-14',99,17,2,4,'UEFA Nations League','Casa','D'),(1498,'2024-10-14',99,15,0,3,'UEFA Nations League','Casa','D'),(1499,'2024-10-15',23,28,2,1,'Friendly','Casa','V'),(1500,'2024-10-15',25,24,2,0,'Friendly','Casa','V'),(1501,'2024-10-15',99,46,1,1,'African Cup of Nations qualification','Neutro','E'),(1502,'2024-10-15',44,99,4,0,'African Cup of Nations qualification','Casa','V'),(1503,'2024-10-15',99,42,0,1,'African Cup of Nations qualification','Casa','D'),(1504,'2024-10-15',99,40,1,0,'African Cup of Nations qualification','Casa','V'),(1505,'2024-10-15',99,43,2,0,'African Cup of Nations qualification','Neutro','V'),(1506,'2024-10-15',99,41,1,0,'African Cup of Nations qualification','Neutro','V'),(1507,'2024-10-15',99,47,0,2,'African Cup of Nations qualification','Casa','D'),(1508,'2024-10-15',99,38,1,1,'African Cup of Nations qualification','Casa','E'),(1509,'2024-10-15',99,45,0,1,'African Cup of Nations qualification','Casa','D'),(1510,'2024-10-15',7,13,0,0,'UEFA Nations League','Casa','E'),(1511,'2024-10-15',99,6,3,3,'UEFA Nations League','Casa','E'),(1512,'2024-10-15',8,99,3,0,'UEFA Nations League','Casa','V'),(1513,'2026-03-27',38,28,1,1,'Friendly','Casa','E'),(1514,'2024-10-15',16,99,2,2,'UEFA Nations League','Casa','E'),(1515,'2024-10-15',19,99,4,0,'FIFA World Cup qualification','Casa','V'),(1516,'2024-10-15',21,99,2,1,'FIFA World Cup qualification','Casa','V'),(1517,'2024-10-15',22,20,0,0,'FIFA World Cup qualification','Casa','E'),(1518,'2024-10-15',18,99,6,0,'FIFA World Cup qualification','Casa','V'),(1519,'2024-10-15',1,99,4,0,'FIFA World Cup qualification','Casa','V'),(1520,'2024-10-15',37,99,1,0,'FIFA World Cup qualification','Casa','V'),(1521,'2024-10-15',33,31,4,1,'FIFA World Cup qualification','Neutro','V'),(1522,'2024-10-15',36,99,4,0,'FIFA World Cup qualification','Casa','V'),(1523,'2026-03-27',8,99,3,0,'Friendly','Casa','V'),(1524,'2024-10-15',32,34,3,2,'FIFA World Cup qualification','Casa','V'),(1525,'2026-03-27',16,2,3,4,'Friendly','Casa','D'),(1526,'2024-10-15',35,30,1,1,'FIFA World Cup qualification','Casa','E'),(1527,'2026-03-27',99,36,2,2,'Friendly','Neutro','E'),(1528,'2024-10-15',29,99,0,0,'FIFA World Cup qualification','Casa','E'),(1529,'2026-03-27',33,99,1,2,'Friendly','Neutro','D'),(1530,'2024-11-14',4,99,0,1,'UEFA Nations League','Casa','D'),(1531,'2026-03-28',23,99,2,2,'Friendly','Casa','E'),(1532,'2024-11-14',9,99,0,0,'UEFA Nations League','Casa','E'),(1533,'2026-03-28',27,46,0,1,'Friendly','Neutro','D'),(1534,'2024-11-14',99,10,0,3,'UEFA Nations League','Casa','D'),(1535,'2026-03-28',41,32,4,0,'Friendly','Neutro','V'),(1536,'2024-11-14',99,3,0,2,'UEFA Nations League','Casa','D'),(1537,'2026-03-28',25,13,0,0,'Friendly','Casa','E'),(1538,'2024-11-14',99,11,1,4,'UEFA Nations League','Casa','D'),(1539,'2026-03-28',7,35,0,1,'Friendly','Casa','D'),(1540,'2024-11-14',99,28,0,1,'CONCACAF Nations League','Casa','D'),(1541,'2026-03-28',45,99,2,0,'Friendly','Neutro','V'),(1542,'2024-11-14',99,24,0,1,'CONCACAF Nations League','Casa','D'),(1543,'2026-03-28',24,4,2,5,'Friendly','Casa','D'),(1544,'2024-11-14',99,1,1,1,'FIFA World Cup qualification','Casa','E'),(1545,'2026-03-29',19,9,1,3,'Friendly','Neutro','D'),(1546,'2024-11-14',20,99,4,0,'FIFA World Cup qualification','Casa','V'),(1547,'2026-03-30',2,43,2,1,'Friendly','Casa','V'),(1548,'2024-11-14',21,18,2,1,'FIFA World Cup qualification','Casa','V'),(1549,'2026-03-31',39,22,0,0,'Friendly','Neutro','E'),(1550,'2024-11-14',99,33,2,3,'FIFA World Cup qualification','Neutro','D'),(1551,'2026-03-31',18,99,5,0,'Friendly','Casa','V'),(1552,'2024-11-14',31,37,3,2,'FIFA World Cup qualification','Casa','V'),(1553,'2026-03-31',3,32,1,0,'Friendly','Casa','V'),(1554,'2024-11-14',99,32,1,3,'FIFA World Cup qualification','Casa','D'),(1555,'2026-03-31',1,6,3,1,'Friendly','Neutro','V'),(1556,'2026-03-31',23,46,0,0,'Friendly','Casa','E'),(1557,'2024-11-14',34,36,0,0,'FIFA World Cup qualification','Casa','E'),(1558,'2026-03-31',99,33,0,5,'Friendly','Neutro','D'),(1559,'2024-11-14',30,29,0,0,'FIFA World Cup qualification','Casa','E'),(1560,'2026-03-31',10,35,0,1,'Friendly','Casa','D'),(1561,'2024-11-14',99,46,2,3,'African Cup of Nations qualification','Neutro','D'),(1562,'2026-03-31',27,99,1,1,'Friendly','Neutro','E'),(1563,'2024-11-14',99,39,0,0,'African Cup of Nations qualification','Casa','E'),(1564,'2026-03-31',41,7,1,0,'Friendly','Neutro','V'),(1565,'2024-11-14',99,45,0,1,'African Cup of Nations qualification','Neutro','D'),(1566,'2026-03-31',36,99,2,2,'Friendly','Neutro','E'),(1567,'2024-11-15',13,99,5,1,'UEFA Nations League','Casa','V'),(1568,'2026-03-31',25,4,1,1,'Friendly','Neutro','E'),(1569,'2024-11-15',7,6,1,0,'UEFA Nations League','Casa','V'),(1570,'2026-03-31',44,21,2,1,'Friendly','Neutro','V'),(1571,'2024-11-15',99,8,1,2,'UEFA Nations League','Casa','D'),(1572,'2026-03-31',12,20,1,1,'Friendly','Casa','E'),(1573,'2026-03-31',11,16,0,0,'Friendly','Casa','E'),(1574,'2026-03-31',45,99,3,1,'Friendly','Casa','V'),(1575,'2026-03-31',99,29,2,1,'Friendly','Casa','V'),(1576,'2026-03-31',38,28,1,2,'Friendly','Casa','D'),(1577,'2026-03-31',8,42,0,0,'Friendly','Casa','E'),(1578,'2026-03-31',24,13,0,2,'Friendly','Casa','D'),(1579,'2026-03-31',47,99,1,0,'FIFA World Cup qualification','Neutro','V'),(1580,'2026-03-31',34,99,2,1,'FIFA World Cup qualification','Neutro','V'),(1581,'2026-03-31',5,99,1,1,'FIFA World Cup qualification','Casa','E'),(1582,'2026-03-31',15,99,3,2,'FIFA World Cup qualification','Casa','V'),(1583,'2026-03-31',99,17,0,1,'FIFA World Cup qualification','Casa','D'),(1584,'2026-03-31',14,99,2,2,'FIFA World Cup qualification','Casa','E'),(1585,'2026-05-22',25,43,2,0,'Friendly','Casa','V'),(1586,'2026-05-26',44,99,5,0,'Friendly','Casa','V'),(1587,'2026-05-28',99,31,1,0,'Friendly','Casa','V'),(1588,'2026-05-28',42,99,1,0,'Friendly','Casa','V'),(1589,'2026-05-29',99,34,0,1,'Friendly','Neutro','D'),(1590,'2026-05-29',5,99,0,0,'Friendly','Casa','E'),(1591,'2026-05-29',33,99,3,1,'Friendly','Neutro','V'),(1592,'2026-05-29',38,99,0,0,'Friendly','Casa','E'),(1593,'2026-05-30',20,29,2,1,'Friendly','Neutro','V'),(1594,'2026-05-30',32,99,5,0,'Friendly','Neutro','V'),(1595,'2026-05-30',25,30,1,0,'Friendly','Neutro','V'),(1596,'2026-05-30',7,26,4,1,'Friendly','Casa','V'),(1597,'2026-05-31',1,28,6,2,'Friendly','Casa','V'),(1598,'2026-05-31',40,99,3,0,'Friendly','Neutro','V'),(1599,'2026-05-31',14,99,2,1,'Friendly','Casa','V'),(1600,'2026-05-31',2,99,4,0,'Friendly','Casa','V'),(1601,'2026-05-31',16,36,4,1,'Friendly','Casa','V'),(1602,'2026-05-31',24,45,3,2,'Friendly','Casa','V'),(1603,'2026-05-31',35,99,1,0,'Friendly','Casa','V'),(1604,'2026-06-01',3,46,1,0,'Friendly','Casa','V'),(1605,'2026-06-01',23,37,2,0,'Friendly','Casa','V'),(1606,'2026-06-01',19,99,3,1,'Friendly','Casa','V'),(1607,'2026-06-01',11,15,3,1,'Friendly','Casa','V'),(1608,'2026-06-01',17,99,4,0,'Friendly','Casa','V'),(1609,'2026-06-02',6,4,0,2,'Friendly','Casa','D'),(1610,'2026-06-02',27,48,4,0,'Friendly','Neutro','V'),(1611,'2026-06-02',44,99,4,0,'Friendly','Casa','V'),(1612,'2026-06-02',99,43,1,1,'Friendly','Casa','E'),(1613,'2026-06-03',47,99,0,0,'Friendly','Neutro','E'),(1614,'2026-06-03',32,99,1,0,'Friendly','Neutro','V'),(1615,'2026-06-03',12,39,0,1,'Friendly','Casa','D'),(1616,'2026-06-03',28,99,4,2,'Friendly','Casa','V'),(1617,'2026-06-04',9,41,1,2,'Friendly','Casa','D'),(1618,'2026-06-04',99,14,1,5,'Friendly','Neutro','D'),(1619,'2026-06-04',33,99,2,0,'Friendly','Neutro','V'),(1620,'2026-06-04',25,99,5,1,'Friendly','Casa','V'),(1621,'2026-06-04',8,34,1,1,'Friendly','Casa','E'),(1622,'2026-06-04',15,99,2,2,'Friendly','Casa','E'),(1623,'2026-06-05',23,99,1,1,'Friendly','Casa','E'),(1624,'2026-06-05',27,99,1,2,'Friendly','Neutro','D'),(1625,'2026-06-05',21,99,4,0,'Friendly','Casa','V'),(1626,'2026-06-05',99,29,0,3,'Friendly','Neutro','D'),(1627,'2026-06-06',18,99,2,0,'Friendly','Neutro','V'),(1628,'2026-06-06',30,16,1,1,'Friendly','Neutro','E'),(1629,'2026-06-06',4,46,5,0,'Friendly','Casa','V'),(1630,'2026-06-06',99,40,3,0,'Friendly','Neutro','V'),(1631,'2026-06-06',99,7,0,4,'Friendly','Neutro','D'),(1632,'2026-06-06',1,42,2,1,'Friendly','Neutro','V'),(1633,'2026-06-06',10,48,1,0,'Friendly','Neutro','V'),(1634,'2026-06-06',99,38,0,1,'Friendly','Neutro','D'),(1635,'2026-06-06',28,5,1,1,'Friendly','Neutro','E'),(1636,'2026-06-06',13,99,2,1,'Friendly','Casa','V'),(1637,'2026-06-06',31,99,0,0,'Friendly','Neutro','E'),(1638,'2026-06-06',24,2,1,2,'Friendly','Casa','D'),(1639,'2026-06-06',99,17,1,2,'Friendly','Neutro','D'),(1640,'2026-06-07',6,99,2,1,'Friendly','Casa','V'),(1641,'2026-06-07',20,99,3,0,'Friendly','Neutro','V'),(1642,'2026-06-07',36,19,0,2,'Friendly','Neutro','D'),(1643,'2026-06-07',44,11,1,1,'Friendly','Neutro','E'),(1644,'2026-06-08',9,99,3,1,'Friendly','Casa','V'),(1645,'2026-06-08',12,37,2,1,'Friendly','Neutro','V'),(1646,'2026-06-08',99,8,1,3,'Friendly','Neutro','D'),(1647,'2026-06-09',18,99,3,0,'Friendly','Neutro','V'),(1648,'2026-06-09',47,99,1,2,'Friendly','Neutro','D'),(1649,'2026-06-09',29,45,0,0,'Friendly','Neutro','E'),(1650,'2026-06-09',34,99,0,2,'Friendly','Neutro','D'),(1651,'2026-06-10',99,39,0,4,'Friendly','Neutro','D'),(1652,'2026-06-10',10,99,3,0,'Friendly','Neutro','V'),(1653,'2026-06-10',13,99,2,1,'Friendly','Casa','V'),(1654,'2025-11-18',29,39,0,2,'Friendly','Casa','D'),(1655,'2025-11-18',99,45,0,8,'Friendly','Neutro','D'),(1656,'2025-11-18',99,36,3,2,'Friendly','Neutro','V'),(1657,'2025-11-18',1,46,1,1,'Friendly','Neutro','E'),(1658,'2025-11-18',23,99,2,0,'Friendly','Neutro','V'),(1659,'2025-11-18',19,30,3,0,'Friendly','Neutro','V'),(1660,'2025-11-18',20,48,2,0,'Friendly','Neutro','V'),(1661,'2025-11-18',32,43,1,0,'Friendly','Casa','V'),(1662,'2025-11-18',25,21,1,2,'Friendly','Neutro','D'),(1663,'2025-11-18',24,22,5,1,'Friendly','Casa','V'),(1664,'2025-11-18',34,99,2,1,'FIFA World Cup qualification','Casa','V'),(1665,'2025-11-18',99,16,1,1,'FIFA World Cup qualification','Casa','E'),(1666,'2025-11-18',15,99,1,1,'FIFA World Cup qualification','Casa','E'),(1667,'2025-11-18',7,99,4,2,'FIFA World Cup qualification','Casa','V'),(1668,'2025-11-18',8,17,2,2,'FIFA World Cup qualification','Casa','E'),(1669,'2025-11-18',3,5,1,1,'FIFA World Cup qualification','Casa','E'),(1670,'2022-06-14',17,99,2,0,'UEFA Nations League','Casa','V'),(1671,'2025-11-18',4,99,7,0,'FIFA World Cup qualification','Casa','V'),(1672,'2025-11-18',28,99,3,0,'FIFA World Cup qualification','Casa','V'),(1673,'2025-11-18',27,99,2,0,'FIFA World Cup qualification','Neutro','V'),(1674,'2025-12-21',44,99,2,0,'African Cup of Nations','Casa','V'),(1675,'2025-12-22',38,99,2,1,'African Cup of Nations','Neutro','V'),(1676,'2025-12-22',42,99,2,1,'African Cup of Nations','Neutro','V'),(1677,'2025-12-23',46,99,3,1,'African Cup of Nations','Neutro','V'),(1678,'2025-12-23',47,99,1,0,'African Cup of Nations','Neutro','V'),(1679,'2025-12-23',45,99,3,0,'African Cup of Nations','Neutro','V'),(1680,'2025-12-24',39,99,3,0,'African Cup of Nations','Neutro','V'),(1681,'2025-12-24',41,99,1,0,'African Cup of Nations','Neutro','V'),(1682,'2025-12-26',44,99,1,1,'African Cup of Nations','Casa','E'),(1683,'2025-12-26',42,38,1,0,'African Cup of Nations','Neutro','V'),(1684,'2025-12-27',99,46,3,2,'African Cup of Nations','Neutro','V'),(1685,'2025-12-27',45,47,1,1,'African Cup of Nations','Neutro','E'),(1686,'2025-12-28',39,99,1,0,'African Cup of Nations','Neutro','V'),(1687,'2025-12-28',41,99,1,1,'African Cup of Nations','Neutro','E'),(1688,'2025-12-29',44,99,3,0,'African Cup of Nations','Casa','V'),(1689,'2025-12-29',99,42,0,0,'African Cup of Nations','Neutro','E'),(1690,'2025-12-29',99,38,2,3,'African Cup of Nations','Neutro','D'),(1691,'2025-12-30',99,46,1,1,'African Cup of Nations','Neutro','E'),(1692,'2025-12-30',99,45,0,3,'African Cup of Nations','Neutro','D'),(1693,'2025-12-30',99,47,0,3,'African Cup of Nations','Neutro','D'),(1694,'2025-12-31',99,39,1,3,'African Cup of Nations','Neutro','D'),(1695,'2025-12-31',99,41,2,3,'African Cup of Nations','Neutro','D'),(1696,'2026-01-03',45,99,3,1,'African Cup of Nations','Neutro','V'),(1697,'2026-01-03',99,46,1,1,'African Cup of Nations','Neutro','E'),(1698,'2026-01-04',44,99,1,0,'African Cup of Nations','Casa','V'),(1699,'2026-01-04',38,99,1,2,'African Cup of Nations','Neutro','D'),(1700,'2026-01-05',42,99,3,1,'African Cup of Nations','Neutro','V'),(1701,'2026-01-06',39,47,1,0,'African Cup of Nations','Neutro','V'),(1702,'2026-01-06',41,99,3,0,'African Cup of Nations','Neutro','V'),(1703,'2026-01-09',99,45,0,1,'African Cup of Nations','Neutro','D'),(1704,'2026-01-09',44,99,2,0,'African Cup of Nations','Casa','V'),(1705,'2026-01-10',39,99,0,2,'African Cup of Nations','Neutro','D'),(1706,'2026-01-10',42,41,3,2,'African Cup of Nations','Neutro','V'),(1707,'2026-01-14',45,42,1,0,'African Cup of Nations','Neutro','V'),(1708,'2026-01-14',44,99,0,0,'African Cup of Nations','Casa','E'),(1709,'2026-01-17',42,99,0,0,'African Cup of Nations','Neutro','E'),(1710,'2026-01-18',44,45,3,0,'African Cup of Nations','Casa','V'),(1711,'2026-01-18',99,28,1,1,'Friendly','Casa','E'),(1712,'2026-01-22',28,25,0,1,'Friendly','Casa','D'),(1713,'2026-01-25',99,25,0,1,'Friendly','Casa','D'),(1714,'2026-01-26',37,99,2,2,'Friendly','Neutro','E'),(1715,'2026-02-25',25,99,4,0,'Friendly','Casa','V'),(1716,'2026-03-25',99,47,0,2,'Friendly','Neutro','D'),(1717,'2026-03-26',1,9,1,2,'Friendly','Neutro','D'),(1718,'2026-03-26',19,6,1,2,'Friendly','Neutro','D'),(1719,'2026-03-26',99,5,1,1,'FIFA World Cup qualification','Casa','E'),(1720,'2026-03-26',99,15,1,3,'FIFA World Cup qualification','Neutro','D'),(1721,'2026-03-26',17,99,1,0,'FIFA World Cup qualification','Casa','V'),(1722,'2026-03-26',14,99,2,2,'FIFA World Cup qualification','Casa','E'),(1723,'2026-03-27',39,99,7,0,'Friendly','Neutro','V'),(1724,'2026-03-27',18,99,2,1,'Friendly','Casa','V'),(1725,'2026-03-27',3,43,5,1,'Friendly','Casa','V'),(1726,'2026-03-27',10,22,1,1,'Friendly','Casa','E'),(1727,'2026-03-27',99,21,0,1,'Friendly','Casa','D'),(1728,'2026-03-27',44,20,1,1,'Friendly','Neutro','E'),(1729,'2026-03-27',12,11,2,1,'Friendly','Casa','V'),(1730,'2026-03-27',29,42,0,4,'Friendly','Casa','D'),(1731,'2022-06-14',32,42,4,1,'Friendly','Casa','V'),(1732,'2022-08-31',25,21,0,1,'Friendly','Neutro','D'),(1733,'2022-09-21',7,99,3,0,'UEFA Nations League','Casa','V'),(1734,'2022-09-22',30,48,1,0,'Friendly','Casa','V'),(1735,'2022-09-22',99,46,0,1,'Friendly','Neutro','D'),(1736,'2022-09-22',6,99,2,1,'UEFA Nations League','Casa','V'),(1737,'2022-09-22',9,3,2,0,'UEFA Nations League','Casa','V'),(1738,'2022-09-22',4,99,2,1,'UEFA Nations League','Casa','V'),(1739,'2022-09-22',99,12,0,2,'UEFA Nations League','Casa','D'),(1740,'2022-09-22',17,99,3,3,'UEFA Nations League','Casa','E'),(1741,'2022-09-23',39,99,1,0,'Friendly','Casa','V'),(1742,'2022-09-23',18,99,3,0,'Friendly','Neutro','V'),(1743,'2022-09-23',99,40,1,2,'Friendly','Casa','D'),(1744,'2022-09-23',1,43,3,0,'Friendly','Neutro','V'),(1745,'2022-09-23',99,37,0,2,'Friendly','Neutro','D'),(1746,'2022-09-23',23,31,2,0,'Friendly','Neutro','V'),(1747,'2022-09-23',47,99,0,1,'Friendly','Neutro','D'),(1748,'2022-09-23',42,99,3,0,'Friendly','Casa','V'),(1749,'2022-09-23',33,22,1,0,'Friendly','Neutro','V'),(1750,'2022-09-23',32,99,2,2,'Friendly','Casa','E'),(1751,'2022-09-23',44,99,2,0,'Friendly','Neutro','V'),(1752,'2022-09-23',21,99,1,0,'Friendly','Neutro','V'),(1753,'2022-09-23',29,20,0,0,'Friendly','Neutro','E'),(1754,'2022-09-23',2,99,0,1,'UEFA Nations League','Casa','D'),(1755,'2022-09-23',99,10,1,0,'UEFA Nations League','Casa','V'),(1756,'2022-09-23',5,99,1,0,'UEFA Nations League','Casa','V'),(1757,'2022-09-24',99,45,0,2,'Friendly','Neutro','D'),(1758,'2022-09-24',19,99,4,1,'Friendly','Neutro','V'),(1759,'2022-09-24',41,99,2,1,'Friendly','Neutro','V'),(1760,'2022-09-24',25,99,1,0,'Friendly','Neutro','V'),(1761,'2022-09-24',38,99,4,0,'Friendly','Casa','V'),(1762,'2022-09-24',14,13,0,4,'UEFA Nations League','Casa','D'),(1763,'2022-09-24',8,16,1,2,'UEFA Nations League','Casa','D'),(1764,'2022-09-24',7,99,2,1,'UEFA Nations League','Casa','V'),(1765,'2022-09-24',99,11,2,1,'UEFA Nations League','Casa','V'),(1766,'2022-09-24',99,15,4,1,'UEFA Nations League','Casa','V'),(1767,'2022-09-25',48,30,0,2,'Friendly','Casa','D'),(1768,'2022-09-25',3,6,1,3,'UEFA Nations League','Casa','D'),(1769,'2022-09-25',99,9,2,0,'UEFA Nations League','Casa','V'),(1770,'2022-09-25',12,4,1,0,'UEFA Nations League','Casa','V'),(1771,'2022-09-25',99,17,2,1,'UEFA Nations League','Casa','V'),(1772,'2022-09-26',10,2,3,3,'UEFA Nations League','Casa','E'),(1773,'2022-09-26',99,5,4,1,'UEFA Nations League','Casa','V'),(1774,'2022-09-27',39,99,2,1,'Friendly','Casa','V'),(1775,'2022-09-27',18,99,3,0,'Friendly','Neutro','V'),(1776,'2022-09-27',99,28,0,2,'Friendly','Casa','D'),(1777,'2022-09-27',1,46,5,1,'Friendly','Neutro','V'),(1778,'2022-09-27',23,22,0,2,'Friendly','Neutro','D'),(1779,'2022-09-27',47,99,3,0,'Friendly','Neutro','V'),(1780,'2022-09-27',99,37,2,1,'Friendly','Neutro','V'),(1781,'2022-09-27',42,99,3,0,'Friendly','Casa','V'),(1782,'2022-09-27',43,99,1,0,'Friendly','Neutro','V'),(1783,'2022-09-27',33,45,1,1,'Friendly','Neutro','E'),(1784,'2022-09-27',41,99,3,1,'Friendly','Neutro','V'),(1785,'2022-09-27',32,99,1,0,'Friendly','Casa','V'),(1786,'2022-09-27',25,19,2,3,'Friendly','Neutro','D'),(1787,'2022-09-27',21,44,0,0,'Friendly','Neutro','E'),(1788,'2022-09-27',31,99,2,2,'Friendly','Neutro','E'),(1789,'2022-09-27',29,24,0,0,'Friendly','Neutro','E'),(1790,'2022-09-27',38,99,1,0,'Friendly','Casa','V'),(1791,'2022-09-27',13,8,0,1,'UEFA Nations League','Casa','D'),(1792,'2022-09-27',16,14,2,1,'UEFA Nations League','Casa','V'),(1793,'2022-09-27',99,7,0,0,'UEFA Nations League','Neutro','E'),(1794,'2022-09-27',11,99,0,2,'UEFA Nations League','Casa','D'),(1795,'2022-09-27',15,99,1,1,'UEFA Nations League','Casa','E'),(1796,'2022-10-22',29,99,1,0,'Friendly','Neutro','V'),(1797,'2022-10-23',31,99,2,0,'Friendly','Neutro','V'),(1798,'2022-10-26',29,99,1,1,'Friendly','Neutro','E'),(1799,'2022-10-27',31,99,1,0,'Friendly','Neutro','V'),(1800,'2022-10-30',29,99,0,0,'Friendly','Neutro','E'),(1801,'2022-11-06',29,99,1,0,'Friendly','Neutro','V'),(1802,'2022-11-07',31,28,2,1,'Friendly','Neutro','V'),(1803,'2022-11-09',99,31,0,1,'Friendly','Neutro','D'),(1804,'2022-11-09',25,34,4,0,'Friendly','Neutro','V'),(1805,'2022-11-10',33,99,1,0,'Friendly','Casa','V'),(1806,'2022-11-10',29,28,1,1,'Friendly','Neutro','E'),(1807,'2022-11-11',99,23,2,2,'Friendly','Casa','E'),(1808,'2022-11-11',32,99,1,0,'Friendly','Casa','V'),(1809,'2022-11-12',34,20,0,0,'Friendly','Neutro','E'),(1810,'2022-11-13',99,39,0,1,'Friendly','Neutro','D'),(1811,'2022-11-15',99,28,2,2,'Friendly','Neutro','E'),(1812,'2022-11-16',39,99,1,1,'Friendly','Casa','E'),(1813,'2022-11-16',99,3,0,1,'Friendly','Neutro','D'),(1814,'2022-11-16',14,99,5,0,'Friendly','Casa','V'),(1815,'2022-11-16',33,46,0,2,'Friendly','Neutro','D'),(1816,'2022-11-16',41,99,4,0,'Friendly','Neutro','V'),(1817,'2022-11-16',25,15,1,2,'Friendly','Neutro','D'),(1818,'2022-11-16',99,2,0,1,'Friendly','Casa','D'),(1819,'2022-11-16',99,21,1,0,'Friendly','Casa','V'),(1820,'2022-11-16',29,6,0,1,'Friendly','Casa','D'),(1821,'2022-11-16',17,7,2,1,'Friendly','Casa','V'),(1822,'2022-11-16',99,18,0,5,'Friendly','Casa','D'),(1823,'2022-11-16',37,99,2,0,'Friendly','Casa','V'),(1824,'2022-11-17',35,23,1,2,'Friendly','Neutro','D'),(1825,'2022-11-17',36,8,1,3,'Friendly','Casa','D'),(1826,'2022-11-17',44,99,3,0,'Friendly','Neutro','V'),(1827,'2022-11-17',13,99,4,0,'Friendly','Casa','V'),(1828,'2022-11-17',99,11,1,2,'Friendly','Casa','D'),(1829,'2022-11-17',38,99,2,1,'Friendly','Casa','V'),(1830,'2022-11-17',16,43,0,2,'Friendly','Neutro','D'),(1831,'2022-11-18',99,28,1,1,'Friendly','Neutro','E'),(1832,'2022-11-18',42,4,2,1,'Friendly','Neutro','V'),(1833,'2022-11-19',19,21,2,0,'Friendly','Neutro','V'),(1834,'2022-11-19',41,99,1,2,'Friendly','Neutro','D'),(1835,'2022-11-19',15,39,2,0,'Friendly','Casa','V'),(1836,'2022-11-19',17,14,2,1,'Friendly','Casa','V'),(1837,'2022-11-20',3,99,2,0,'Friendly','Casa','V'),(1838,'2022-11-20',11,99,1,1,'Friendly','Casa','E'),(1839,'2022-11-20',38,99,1,1,'Friendly','Casa','E'),(1840,'2022-11-20',37,99,0,0,'Friendly','Casa','E'),(1841,'2022-11-20',31,20,0,2,'FIFA World Cup','Casa','D'),(1842,'2022-11-21',45,12,0,2,'FIFA World Cup','Neutro','D'),(1843,'2022-11-21',10,33,6,2,'FIFA World Cup','Neutro','V'),(1844,'2022-11-21',24,99,1,1,'FIFA World Cup','Neutro','E'),(1845,'2022-11-22',18,29,1,2,'FIFA World Cup','Neutro','D'),(1846,'2022-11-22',25,99,0,0,'FIFA World Cup','Neutro','E'),(1847,'2022-11-22',99,46,0,0,'FIFA World Cup','Neutro','E'),(1848,'2022-11-22',9,30,4,1,'FIFA World Cup','Neutro','V'),(1849,'2022-11-23',2,35,1,2,'FIFA World Cup','Neutro','D'),(1850,'2022-11-23',8,99,7,0,'FIFA World Cup','Neutro','V'),(1851,'2022-11-23',44,6,0,0,'FIFA World Cup','Neutro','E'),(1852,'2022-11-23',4,23,1,0,'FIFA World Cup','Neutro','V'),(1853,'2022-11-24',16,99,1,0,'FIFA World Cup','Neutro','V'),(1854,'2022-11-24',1,99,2,0,'FIFA World Cup','Neutro','V'),(1855,'2022-11-24',22,32,0,0,'FIFA World Cup','Neutro','E'),(1856,'2022-11-24',13,43,3,2,'FIFA World Cup','Neutro','V'),(1857,'2022-11-25',31,45,1,3,'FIFA World Cup','Casa','D'),(1858,'2022-11-25',12,20,1,1,'FIFA World Cup','Neutro','E'),(1859,'2022-11-25',99,33,0,2,'FIFA World Cup','Neutro','D'),(1860,'2022-11-25',10,24,0,0,'FIFA World Cup','Neutro','E'),(1861,'2022-11-26',99,29,2,0,'FIFA World Cup','Neutro','V'),(1862,'2022-11-26',18,25,2,0,'FIFA World Cup','Neutro','V'),(1863,'2022-11-26',46,30,0,1,'FIFA World Cup','Neutro','D'),(1864,'2022-11-26',9,99,2,1,'FIFA World Cup','Neutro','V'),(1865,'2022-11-27',35,99,0,1,'FIFA World Cup','Neutro','D'),(1866,'2022-11-27',8,2,1,1,'FIFA World Cup','Neutro','E'),(1867,'2022-11-27',4,44,0,2,'FIFA World Cup','Neutro','D'),(1868,'2022-11-27',6,23,4,1,'FIFA World Cup','Neutro','V'),(1869,'2022-11-28',1,16,1,0,'FIFA World Cup','Neutro','V'),(1870,'2022-11-28',32,43,2,3,'FIFA World Cup','Neutro','D'),(1871,'2022-11-28',13,22,2,0,'FIFA World Cup','Neutro','V'),(1872,'2022-11-29',20,45,1,2,'FIFA World Cup','Neutro','D'),(1873,'2022-11-29',31,12,0,2,'FIFA World Cup','Casa','D'),(1874,'2022-11-29',99,10,0,3,'FIFA World Cup','Neutro','D'),(1875,'2022-11-29',33,24,0,1,'FIFA World Cup','Neutro','D'),(1876,'2022-11-30',99,18,0,2,'FIFA World Cup','Neutro','D'),(1877,'2022-11-30',29,25,1,2,'FIFA World Cup','Neutro','D'),(1878,'2022-11-30',30,99,1,0,'FIFA World Cup','Neutro','V'),(1879,'2022-11-30',46,9,1,0,'FIFA World Cup','Neutro','V'),(1880,'2022-12-01',35,8,2,1,'FIFA World Cup','Neutro','V'),(1881,'2022-12-01',99,2,2,4,'FIFA World Cup','Neutro','D'),(1882,'2022-12-01',6,4,0,0,'FIFA World Cup','Neutro','E'),(1883,'2022-12-01',23,44,1,2,'FIFA World Cup','Neutro','D'),(1884,'2022-12-02',99,16,2,3,'FIFA World Cup','Neutro','D'),(1885,'2022-12-02',99,1,1,0,'FIFA World Cup','Neutro','V'),(1886,'2022-12-02',43,22,0,2,'FIFA World Cup','Neutro','D'),(1887,'2022-12-02',32,13,2,1,'FIFA World Cup','Neutro','V'),(1888,'2022-12-03',12,24,3,1,'FIFA World Cup','Neutro','V'),(1889,'2022-12-03',18,30,2,1,'FIFA World Cup','Neutro','V'),(1890,'2022-12-04',9,99,3,1,'FIFA World Cup','Neutro','V'),(1891,'2022-12-04',10,45,3,0,'FIFA World Cup','Neutro','V'),(1892,'2022-12-05',35,6,1,1,'FIFA World Cup','Neutro','E'),(1893,'2022-12-05',1,32,4,1,'FIFA World Cup','Neutro','V'),(1894,'2022-12-06',44,8,0,0,'FIFA World Cup','Neutro','E'),(1895,'2022-12-06',13,16,6,1,'FIFA World Cup','Neutro','V'),(1896,'2022-12-09',6,1,1,1,'FIFA World Cup','Neutro','E'),(1897,'2022-12-09',12,18,2,2,'FIFA World Cup','Neutro','E'),(1898,'2022-12-10',44,13,1,0,'FIFA World Cup','Neutro','V'),(1899,'2022-12-10',10,9,1,2,'FIFA World Cup','Neutro','D'),(1900,'2022-12-13',18,6,3,0,'FIFA World Cup','Neutro','V'),(1901,'2022-12-14',9,44,2,0,'FIFA World Cup','Neutro','V'),(1902,'2022-12-17',6,44,2,1,'FIFA World Cup','Neutro','V'),(1903,'2022-12-18',18,9,3,3,'FIFA World Cup','Neutro','E'),(1904,'2022-12-30',34,99,1,0,'Friendly','Casa','V'),(1905,'2023-01-09',15,99,2,0,'Friendly','Neutro','V'),(1906,'2023-01-12',15,99,2,1,'Friendly','Neutro','V'),(1907,'2023-01-25',24,99,1,2,'Friendly','Casa','D'),(1908,'2023-01-28',24,19,0,0,'Friendly','Casa','E'),(1909,'2023-03-12',99,28,1,1,'Friendly','Neutro','E'),(1910,'2023-03-23',18,28,2,0,'Friendly','Casa','V'),(1911,'2023-03-23',33,99,1,1,'Friendly','Casa','E'),(1912,'2023-03-23',48,99,0,0,'Friendly','Casa','E');
/*!40000 ALTER TABLE `historico` ENABLE KEYS */;
UNLOCK TABLES;
/*!40103 SET TIME_ZONE=@OLD_TIME_ZONE */;

/*!40101 SET SQL_MODE=@OLD_SQL_MODE */;
/*!40014 SET FOREIGN_KEY_CHECKS=@OLD_FOREIGN_KEY_CHECKS */;
/*!40014 SET UNIQUE_CHECKS=@OLD_UNIQUE_CHECKS */;
/*!40101 SET CHARACTER_SET_CLIENT=@OLD_CHARACTER_SET_CLIENT */;
/*!40101 SET CHARACTER_SET_RESULTS=@OLD_CHARACTER_SET_RESULTS */;
/*!40101 SET COLLATION_CONNECTION=@OLD_COLLATION_CONNECTION */;
/*!40111 SET SQL_NOTES=@OLD_SQL_NOTES */;

-- Dump completed on 2026-07-09 19:07:25
